video_id,titulo,descrição,data_publicacao,Visualizações,Likes,Comentários,Taxa de Engajamento,thumbnail_url,youtube_url
XXYlFuWEuKI,The Weeknd - Save Your Tears (Official Music Video),"Official music video by The Weeknd performing ""Save Your Tears""– 'After Hours' available everywhere now: http://theweeknd.co/afterhoursYD
 
►Subscribe to The Weeknd on YouTube: http://theweeknd.co/sub",2021-01-05,2000444306,10402419,327435,0.54,https://i.ytimg.com/vi/XXYlFuWEuKI/hqdefault.jpg,https://www.youtube.com/watch?v=XXYlFuWEuKI
JGwWNGJdvx8,Ed Sheeran - Shape of You (Official Music Video),"The official music video for Ed Sheeran - Shape Of You

Taken from the studio album ÷ (divide) released in 2017, which featured the hit singles 'Castle on the Hill', 'Shape of You', 'Galway Girl', ‘Pe",2017-01-30,6516909509,34588238,1207583,0.55,https://i.ytimg.com/vi/JGwWNGJdvx8/hqdefault.jpg,https://www.youtube.com/watch?v=JGwWNGJdvx8
tiPWzFLiz4A,Reneé Rapp - Leave Me Alone (Official Music Video),"Pre-order “BITE ME”, the new album from Reneé Rapp, out August 1: http://ReneeRapp.lnk.to/BITEME
Listen to “Leave Me Alone”: https://ReneeRapp.lnk.to/LeaveMeAlone
 
Follow Reneé Rapp:
TikTok: https://",2025-05-21,1825890,70126,2868,4.0,https://i.ytimg.com/vi/tiPWzFLiz4A/hqdefault.jpg,https://www.youtube.com/watch?v=tiPWzFLiz4A
euCqAq6BRa4,DJ Snake - Let Me Love You ft. Justin Bieber,"Listen to DJ Snake’s album Encore, out now on Spotify: http://smarturl.it/EncoreDJSnake.sp 

Sign up for updates from DJ Snake: http://smarturl.it/DJSnake.News

Music video by DJ Snake performing Let ",2016-11-29,1713357863,10860076,216329,0.65,https://i.ytimg.com/vi/euCqAq6BRa4/hqdefault.jpg,https://www.youtube.com/watch?v=euCqAq6BRa4
xkWQM3flsiY,Reneé Rapp - Mad (Official Music Video),"Pre-order “BITE ME”, the new album from Reneé Rapp, out August 1: http://ReneeRapp.lnk.to/BITEME
Listen to “Mad”: https://ReneeRapp.lnk.to/Mad
Get tickets to the BITE ME Tour: http://reneerapp.com/tou",2025-06-27,1198330,38692,1100,3.32,https://i.ytimg.com/vi/xkWQM3flsiY/hqdefault.jpg,https://www.youtube.com/watch?v=xkWQM3flsiY
JgDNFQ2RaLQ,Ed Sheeran - Sapphire (Official Music Video),"Listen to 'Sapphire' now: https://es.lnk.to/sapphireID

""Sapphire was the first song I finished for Play that made me know where the album was heading. It's why I finished the recording process in Goa",2025-06-05,116063534,3389620,130244,3.03,https://i.ytimg.com/vi/JgDNFQ2RaLQ/hqdefault.jpg,https://www.youtube.com/watch?v=JgDNFQ2RaLQ
OPf0YbXqDm0,Mark Ronson - Uptown Funk (Official Video) ft. Bruno Mars,"Official Video for Uptown Funk by Mark Ronson ft. Bruno Mars
Listen to Mark Ronson: https://MarkRonson.lnk.to/listenYD
Subscribe to the official Mark Ronson: https://MarkRonson.lnk.to/subscribeYD

Wat",2014-11-19,5612514933,22769261,640728,0.42,https://i.ytimg.com/vi/OPf0YbXqDm0/hqdefault.jpg,https://www.youtube.com/watch?v=OPf0YbXqDm0
zABLecsR5UE,Lewis Capaldi - Someone You Loved,"listen to my music: https://bio.to/LewisCapaldi 
sign up for news: https://lewiscapaldi.os.fan/signup

Follow Lewis Capaldi for more
Instragram: https://www.instagram.com/lewiscapaldi
Facebook: https:",2019-08-29,1076699601,10302973,197567,0.98,https://i.ytimg.com/vi/zABLecsR5UE/hqdefault.jpg,https://www.youtube.com/watch?v=zABLecsR5UE
3AtDnEC4zak,Charlie Puth - We Don't Talk Anymore (feat. Selena Gomez) [Official Video],"Charlie Puth - We Don't Talk Anymore (feat. Selena Gomez) [Official Video]
From Charlie's debut album Nine Track Mind!
Download/Stream: https://Atlantic.lnk.to/NineTrackMindID 

Exclusive Nine Track M",2016-08-02,3351671848,15452389,427742,0.47,https://i.ytimg.com/vi/3AtDnEC4zak/hqdefault.jpg,https://www.youtube.com/watch?v=3AtDnEC4zak
uvY8fdgezLQ,Zara Larsson - Midnight Sun (Official Music Video),"Zara Larsson - Midnight Sun (Official Music Video)

""Midnight Sun"" available at: https://ZaraLarsson.lnk.to/MidnightSunSingle

Follow Zara Larsson: 
http://www.instagram.com/zaralarsson 
https://www.f",2025-06-24,2042957,65510,2724,3.34,https://i.ytimg.com/vi/uvY8fdgezLQ/hqdefault.jpg,https://www.youtube.com/watch?v=uvY8fdgezLQ
ekr2nIex040,ROSÉ & Bruno Mars - APT. (Official Music Video),"ROSÉ & Bruno Mars - APT.
Download/stream: https://rosesarerosie.lnk.to/APTID

Order APT. single CD: https://rosesarerosie.lnk.to/APT-CDID

'rosie' - the first studio album by ROSÉ - out now
download/",2024-10-18,1819041718,16313246,764370,0.94,https://i.ytimg.com/vi/ekr2nIex040/hqdefault.jpg,https://www.youtube.com/watch?v=ekr2nIex040
5aYiBCe6i3c,"Josh Ross, Akon - Drunk Right Now (Na Na Na) (Official Music Video)","Sign-up for Josh’s exclusive email list: https://joshross.lnk.to/newsletterID

Add Josh to your contacts: https://my.community.com/joshross
to join Josh’s text list and receive updates on music, merch",2025-06-18,439387,14628,405,3.42,https://i.ytimg.com/vi/5aYiBCe6i3c/hqdefault.jpg,https://www.youtube.com/watch?v=5aYiBCe6i3c
2Vv-BfVoq4g,Ed Sheeran - Perfect (Official Music Video),"The official music video for Ed Sheeran - Perfect 
 
Taken from the studio album ÷ (divide) released in 2017, which featured the hit singles 'Castle on the Hill', 'Shape of You', 'Galway Girl', ‘Perfe",2017-11-09,3986149388,22814966,571256,0.59,https://i.ytimg.com/vi/2Vv-BfVoq4g/hqdefault.jpg,https://www.youtube.com/watch?v=2Vv-BfVoq4g
fLexgOxsZu0,Bruno Mars - The Lazy Song (Official Music Video),"The official music video for Bruno Mars' ""The Lazy Song"" from the album 'Doo-Wops and Hooligans''.
Stream: https://apple.co/38qBTEU

Directed by Bruno Mars and Cameron Duddy

Choreographed and Perform",2011-04-15,3049400838,16032437,666925,0.55,https://i.ytimg.com/vi/fLexgOxsZu0/hqdefault.jpg,https://www.youtube.com/watch?v=fLexgOxsZu0
oMSssFFkzBI,Gina Zo - Dirty Habits,"Stream “Dirty Habits”: https://vyd.co/DirtyHabits

https://www.ginazomusic.com/
https://www.instagram.com/_ginazo_/
https://www.tiktok.com/@_ginazo_
https://www.facebook.com/Ginazomusic/

Songwriting ",2025-05-28,4359,40,11,1.17,https://i.ytimg.com/vi/oMSssFFkzBI/hqdefault.jpg,https://www.youtube.com/watch?v=oMSssFFkzBI
0KSOMA3QBU0,Katy Perry - Dark Horse ft. Juicy J,"Listen to Katy’s new song “Smile”: https://katy.to/smileID

Get ""Dark Horse"" from Katy Perry's 'PRISM': http://katy.to/PRISM

Katy Perry Complete Collection on Spotify: http://katy.to/SpotifyCompleteY",2014-02-20,4012712091,18501997,833825,0.48,https://i.ytimg.com/vi/0KSOMA3QBU0/hqdefault.jpg,https://www.youtube.com/watch?v=0KSOMA3QBU0
kPa7bsKwL-c,"Lady Gaga, Bruno Mars - Die With A Smile (Official Music Video)","MAYHEM OUT NOW
http://ladygaga.com 
 
Listen to “Die With A Smile”, song and video out now: http://GagaMars.lnk.to/DieWithASmile 
 
Directed by Daniel Ramos & Bruno Mars
 
Follow Lady Gaga: 
Facebook:",2024-08-16,1198283596,11740595,528078,1.02,https://i.ytimg.com/vi/kPa7bsKwL-c/hqdefault.jpg,https://www.youtube.com/watch?v=kPa7bsKwL-c
RBumgq5yVrA,Passenger | Let Her Go (Official Video),"The new album 'All The Little Lights (Anniversary Edition) Out Now from:  https://www.passengermusic.com 

For all things Passenger head to: 
https://linktr.ee/passengermusic


***

The official video",2012-07-25,3865272876,17946469,528543,0.48,https://i.ytimg.com/vi/RBumgq5yVrA/hqdefault.jpg,https://www.youtube.com/watch?v=RBumgq5yVrA
nVjsGKrE6E8,Lana Del Rey - Summertime Sadness,"New album 'Chemtrails Over The Country Club’ out Mar. 19th! Pre-Order: https://Lana.lnk.to/ChemtrailsOverTheCountryClub

Listen to new single ‘Chemtrails Over The Country Club’ now: https://Lana.lnk.t",2012-07-20,463471776,2979666,89237,0.66,https://i.ytimg.com/vi/nVjsGKrE6E8/hqdefault.jpg,https://www.youtube.com/watch?v=nVjsGKrE6E8
r-Dr-CHk2ZU,Amarachi - Earth Is Ghetto (Official Music Video),"Thank you for visiting my channel and listening to Earth Is Ghetto! Feel free to check out more music with the links below! Have an amazing day! 

⭐ ⭐ ⭐  Subscribe To My Channel For More Official Musi",2025-05-21,17359,400,30,2.48,https://i.ytimg.com/vi/r-Dr-CHk2ZU/hqdefault.jpg,https://www.youtube.com/watch?v=r-Dr-CHk2ZU
Pkh8UtuejGw,"Shawn Mendes, Camila Cabello - Señorita","Señorita: https://Senorita.lnk.to/OutNow 

Catch Shawn on tour this year: https://www.shawnmendesthetour.com/ 

Stream/buy Shawn Mendes: The Album now: https://IslandRecs.lnk.to/ShawnMendes 

Follow S",2019-06-21,1824384649,21346807,655387,1.21,https://i.ytimg.com/vi/Pkh8UtuejGw/hqdefault.jpg,https://www.youtube.com/watch?v=Pkh8UtuejGw
V9PVRfjEBTI,Billie Eilish - BIRDS OF A FEATHER (Official Music Video),"Listen to HIT ME HARD AND SOFT: https://billieeilish.lnk.to/HITMEHARDANDSOFT 
Download BIRDS OF A FEATHER Live from Billie’s Amazon Music Songline performance: https://billieeilish.lnk.to/BIRDSOFAFEAT",2024-09-27,476037630,4003832,110000,0.86,https://i.ytimg.com/vi/V9PVRfjEBTI/hqdefault.jpg,https://www.youtube.com/watch?v=V9PVRfjEBTI
bESGLojNYSo,Lady Gaga - Poker Face (Official Music Video),"MAYHEM OUT NOW
http://ladygaga.com 
 
Follow Lady Gaga:
Facebook: https://www.facebook.com/ladygaga 
Instagram: https://www.instagram.com/ladygaga 
TikTok: https://www.tiktok.com/@ladygaga 
Twitter: h",2009-12-20,1555610927,8158481,323451,0.55,https://i.ytimg.com/vi/bESGLojNYSo/hqdefault.jpg,https://www.youtube.com/watch?v=bESGLojNYSo
G7KNmW9a75Y,Miley Cyrus - Flowers (Official Video),"Official Video for “Flowers” by Miley Cyrus

Listen to & Download “Flowers” out now: https://mileycyrus.lnk.to/Flowers

Pre-Order “Endless Summer Vacation” available March 10th: https://mileycyrus.lnk",2023-01-13,1079232351,8765219,215168,0.83,https://i.ytimg.com/vi/G7KNmW9a75Y/hqdefault.jpg,https://www.youtube.com/watch?v=G7KNmW9a75Y
5cY4qA-mN2Y,Drew Holcomb & The Neighbors - All the Money in the World | OurVinyl Sessions,"Get new music in your inbox every Friday - https://bit.ly/3tm817h
Please click those like and subscribe buttons. It helps us keep doing what we are doing!

OurVinyl presents @DrewHolcombMusic & The Ne",2023-09-21,68804,88,8,0.14,https://i.ytimg.com/vi/5cY4qA-mN2Y/hqdefault.jpg,https://www.youtube.com/watch?v=5cY4qA-mN2Y
lY2yjAdbvdQ,Shawn Mendes - Treat You Better,"New album WONDER available now
Listen here: https://wonder.lnk.to/OutNow

Follow Shawn Mendes
Instagram | https://www.instagram.com/shawnmendes/
Twitter | https://twitter.com/ShawnMendes
Facebook | ht",2016-07-12,2555455985,11999383,287417,0.48,https://i.ytimg.com/vi/lY2yjAdbvdQ/hqdefault.jpg,https://www.youtube.com/watch?v=lY2yjAdbvdQ
Oa_RSwwpPaA,Benson Boone - Beautiful Things (Official Music Video),"Benson Boone - Beautiful Things (Official Music Video)

'American Heart' the second album from Benson Boone – out now: https://BensonBoone.lnk.to/AmericanHeart

Listen to 'Fireworks & Rollerblades' th",2024-01-18,723656649,5441595,117463,0.77,https://i.ytimg.com/vi/Oa_RSwwpPaA/hqdefault.jpg,https://www.youtube.com/watch?v=Oa_RSwwpPaA
rYEDA3JcQqw,Adele - Rolling in the Deep (Official Music Video),"Listen to ""Easy On Me"" here: http://Adele.lnk.to/EOM
Pre-order Adele's new album ""30"" before its release on November 19:  https://www.adele.com
Shop the ""Adele"" collection here: http://shop.adele.com
",2010-11-30,2699395607,13862027,444876,0.53,https://i.ytimg.com/vi/rYEDA3JcQqw/hqdefault.jpg,https://www.youtube.com/watch?v=rYEDA3JcQqw
TUVcZfQe-Kw,Dua Lipa - Levitating Featuring DaBaby (Official Music Video),"The official music video for Dua Lipa - Levitating featuring @dababy 

Taken from her second studio album 'Future Nostalgia' released in 2020, which featured the hit singles 'Don't Start Now', 'Physic",2020-10-02,985101445,8248938,168630,0.85,https://i.ytimg.com/vi/TUVcZfQe-Kw/hqdefault.jpg,https://www.youtube.com/watch?v=TUVcZfQe-Kw
F1oKhsy8wGw,"ROLE MODEL - Sally, When The Wine Runs Out (Official Music Video)","‘Kansas Anymore (The Longest Goodbye)’ out now -
https://rolemodel.lnk.to/KansasAnymoreTLG

Connect w/ ROLE MODEL-
Website - https://www.heyrolemodel.com
Official Store - http://shop.heyrolemodel.com
",2025-02-21,6077267,77312,1687,1.3,https://i.ytimg.com/vi/F1oKhsy8wGw/hqdefault.jpg,https://www.youtube.com/watch?v=F1oKhsy8wGw
450p7goxZqg,John Legend - All of Me (Official Video),"Official music video for “All of Me” by John Legend 
Listen to John Legend: https://found.ee/JohnLegend_Listen

Subscribe to the official John Legend YouTube channel: https://found.ee/JohnLegend_YTs

",2013-10-02,2552469355,13758321,269109,0.55,https://i.ytimg.com/vi/450p7goxZqg/hqdefault.jpg,https://www.youtube.com/watch?v=450p7goxZqg
u2ah9tWTkmk,Alex Warren - Ordinary (Official Video),"""Ordinary"" is out now! 

Stream/Download: http://alexwarren.lnk.to/ordinary

Lyrics:
VERSE 1
They say the holy waters watered down and this town's lost it faith
Our colors will fade Eventually
So if o",2025-02-21,84333231,882208,15771,1.06,https://i.ytimg.com/vi/u2ah9tWTkmk/hqdefault.jpg,https://www.youtube.com/watch?v=u2ah9tWTkmk
09R8_2nJtjg,Maroon 5 - Sugar (Official Music Video),"Buy Sugar on iTunes: http://smarturl.it/M5V

Sign up for updates: http://smarturl.it/Maroon5.News

Catch Maroon 5 on tour all year long  at www.maroon5.com

Music video by Maroon 5 performing Sugar. (",2015-01-14,4261338684,16712484,435944,0.4,https://i.ytimg.com/vi/09R8_2nJtjg/hqdefault.jpg,https://www.youtube.com/watch?v=09R8_2nJtjg
YaEG2aWJnZ8,Sia - Unstoppable (Official Video - Live from the Nostalgic For The Present Tour),"'This Is Acting' is already 5 years old 🎉 Thanks to all of you it's been a truly *Unstoppable* journey! To celebrate, here's a throwback to the Nostalgic For The Present Tour with the performance vide",2021-09-27,622676456,3990086,76310,0.65,https://i.ytimg.com/vi/YaEG2aWJnZ8/hqdefault.jpg,https://www.youtube.com/watch?v=YaEG2aWJnZ8
8RK1tREud8I,Julius Black - Hate The Way I Love (Official Visualiser),"Keep up with Julius -- 

https://discord.gg/dK548CMw
https://www.instagram.com/iamjuliusblack
https://www.tiktok.com/@iamjuliusblack
https://x.com/iamjuliusblack",2025-06-06,19979,24,9,0.17,https://i.ytimg.com/vi/8RK1tREud8I/hqdefault.jpg,https://www.youtube.com/watch?v=8RK1tREud8I
aJOTlE1K90k,Maroon 5 - Girls Like You ft. Cardi B (Official Music Video),"""Girls Like You” is out now.
http://smarturl.it/GLY 

For more, visit: 
https://www.facebook.com/maroon5 
https://twitter.com/maroon5 
https://www.instagram.com/maroon5 

Sign up for updates: http://s",2018-05-31,3861353135,22385678,676792,0.6,https://i.ytimg.com/vi/aJOTlE1K90k/hqdefault.jpg,https://www.youtube.com/watch?v=aJOTlE1K90k
eVli-tstM5E,Sabrina Carpenter - Espresso,"Music video by Sabrina Carpenter performing Espresso.© 2024 Island Records, a division of UMG Recordings, Inc.",2024-04-12,436937904,3559346,78892,0.83,https://i.ytimg.com/vi/eVli-tstM5E/hqdefault.jpg,https://www.youtube.com/watch?v=eVli-tstM5E
LHCob76kigA,Lukas Graham - 7 Years [Official Music Video],"Watch the official music video for 7 Years by Lukas Graham from the self-titled album.

🔔 Subscribe to the channel: https://youtube.com/c/LukasGraham?sub_confirmation=1

Listen to Share That Love (fea",2015-12-15,1655963150,12046034,397149,0.75,https://i.ytimg.com/vi/LHCob76kigA/hqdefault.jpg,https://www.youtube.com/watch?v=LHCob76kigA
MoN9ql6Yymw,David Kushner - Daylight (Official Music Video),"“Daylight” out now on all platforms: https://davidkushner.lnk.to/daylight

Lyrics:

[Verse 1]
Telling myself I won't go there
Oh, but I know that I won't care
Tryna wash away all the blood I've spilt
",2023-04-14,472361285,4994327,98797,1.08,https://i.ytimg.com/vi/MoN9ql6Yymw/hqdefault.jpg,https://www.youtube.com/watch?v=MoN9ql6Yymw
h53JMD2DKmg,BabyJake - Mexico Bring Me My Queen | OurVinyl Sessions,"Get new music in your inbox every Friday - https://bit.ly/3tm817h
Please click those like and subscribe buttons. It helps us keep doing what we are doing!

OurVinyl presents @itsbabyjake performing or",2024-09-26,17416,41,2,0.25,https://i.ytimg.com/vi/h53JMD2DKmg/hqdefault.jpg,https://www.youtube.com/watch?v=h53JMD2DKmg
CevxZvSJLk8,Katy Perry - Roar,"Katy Perry's new album ""Smile"" out August 28 - http://katy.to/smileID

Listen to Katy’s new song “Smile”: https://katy.to/smileID

Get “Roar” from Katy Perry’s ‘PRISM’: http://katy.to/PRISM

Katy Perr",2013-09-05,4175234101,17647005,810384,0.44,https://i.ytimg.com/vi/CevxZvSJLk8/hqdefault.jpg,https://www.youtube.com/watch?v=CevxZvSJLk8
IWKyykQBRKo,Billie Eilish - WILDFLOWER (BILLIE BY FINNEAS),"HIT ME HARD AND SOFT (WITH ALL ISOLATED VOCALS) is available now to download: https://BillieEilish.lnk.to/ISOLATED 

L’AMOUR DE MA VIE [OVER NOW EXTENDED EDIT] out now: https://billieeilish.lnk.to/OVE",2024-05-22,31841037,407749,4989,1.3,https://i.ytimg.com/vi/IWKyykQBRKo/hqdefault.jpg,https://www.youtube.com/watch?v=IWKyykQBRKo
GZ3zL7kT6_c,Teddy Swims - Lose Control (Live),"Pre-Order ""Lose Control"" Vinyl & CD now: https://shop.teddyswims.com/
Stream / Download ""Lose Control"" now: https://teddyswims.lnk.to/losecontrol

Stream / Download My Debut Album ""I've Tried Everythi",2023-06-23,297054240,2506193,41590,0.86,https://i.ytimg.com/vi/GZ3zL7kT6_c/hqdefault.jpg,https://www.youtube.com/watch?v=GZ3zL7kT6_c
syFZfO_wfMQ,One Direction - Night Changes,"One Direction – Night Changes (Official Video)
Follow on Spotify - https://1D.lnk.to/Spotify
Listen on Apple Music - https://1D.lnk.to/AppleMusic
Listen on Amazon Music - https://1D.lnk.to/AmazonMu",2014-11-21,1025738061,8886962,316967,0.9,https://i.ytimg.com/vi/syFZfO_wfMQ/hqdefault.jpg,https://www.youtube.com/watch?v=syFZfO_wfMQ
6HZd7CzlzmE,Already Dreaming - Nicholas Wells,"I wrote “Already Dreaming” in March of 2004, when I was 15. I have a vivid memory of picking up my guitar one morning before school (which I didn’t usually do but I felt the inspiration for a song,) s",2025-06-06,20589,52,17,0.34,https://i.ytimg.com/vi/6HZd7CzlzmE/hqdefault.jpg,https://www.youtube.com/watch?v=6HZd7CzlzmE
hLQl3WQQoQ0,Adele - Someone Like You (Official Music Video),"Listen to ""Easy On Me"" here: http://Adele.lnk.to/EOM
Pre-order Adele's new album ""30"" before its release on November 19:  https://www.adele.com
Shop the ""Adele"" collection here: http://shop.adele.com
",2011-09-29,2344882248,11256198,385380,0.5,https://i.ytimg.com/vi/hLQl3WQQoQ0/hqdefault.jpg,https://www.youtube.com/watch?v=hLQl3WQQoQ0
IpFX2vq8HKw,yung kai - blue (official music video),"Stream my track and follow me on socials: https://linktr.ee/yungkaiboy

Cast:
yung kai
https://www.instagram.com/ykaizzk
Julia Ma
https://www.instagram.com/juliama/

Director: Kenji K Chong 
Producer:",2024-12-12,156055423,1993018,60086,1.32,https://i.ytimg.com/vi/IpFX2vq8HKw/hqdefault.jpg,https://www.youtube.com/watch?v=IpFX2vq8HKw
hT_nvWreIhg,OneRepublic - Counting Stars,"Stream & Download OneRepublic’s latest album “Human”: https://OneRepublic.lnk.to/Human

Listen to OneRepublic:
Spotify: http://smarturl.it/1RSpotify 
Apple Music: https://apple.co/3B4u43p 

Shop OneRe",2013-05-31,4207192278,18601555,525790,0.45,https://i.ytimg.com/vi/hT_nvWreIhg/hqdefault.jpg,https://www.youtube.com/watch?v=hT_nvWreIhg
GxldQ9eX2wo,Stephen Sanchez - Until I Found You (Official Video),"""Until I Found You"" by Stephen Sanchez from the debut album Angel Face.

Stream/download: https://stephensanchez.lnk.to/angelface

See Stephen on tour this year: https://stephensanchezofficial.com/tou",2022-06-28,473388042,5085956,71718,1.09,https://i.ytimg.com/vi/GxldQ9eX2wo/hqdefault.jpg,https://www.youtube.com/watch?v=GxldQ9eX2wo
HdrlUQn2Ogo,X Ambassadors - Fragile | OurVinyl Sessions,"Get new music in your inbox every Friday - https://bit.ly/3tm817h
Please click those like and subscribe buttons. It helps us keep doing what we are doing!

OurVinyl presents@XAmbassadorsOfficial perfo",2025-03-14,383594,4410,110,1.18,https://i.ytimg.com/vi/HdrlUQn2Ogo/hqdefault.jpg,https://www.youtube.com/watch?v=HdrlUQn2Ogo
djV11Xbc914,a-ha - Take On Me (Official Video) [4K],"“Take On Me” has been remastered in stunning 4K resolution - watch it now! 📺 Watch all the official a-ha videos here http://bit.ly/ahaOfficialVideos

ONE BILLION VIEWS on February 17, 2020 / TWO BILLI",2010-01-06,2204877542,12091796,362033,0.56,https://i.ytimg.com/vi/djV11Xbc914/hqdefault.jpg,https://www.youtube.com/watch?v=djV11Xbc914
vBynw9Isr28,Lady Gaga - Abracadabra (Official Music Video),"MAYHEM OUT NOW
http://ladygaga.com
 
Directed by Lady Gaga, Parris Goebel and Bethany Vargas
 
Follow Lady Gaga:
Facebook: https://www.facebook.com/ladygaga
Instagram: https://www.instagram.com/ladyga",2025-02-03,167431268,3199533,179529,2.02,https://i.ytimg.com/vi/vBynw9Isr28/hqdefault.jpg,https://www.youtube.com/watch?v=vBynw9Isr28
k2qgadSvNyU,Dua Lipa - New Rules (Official Music Video),"The official music video for Dua Lipa - New Rules

Taken from her self-titled debut studio album released in 2017, which featured the hit singles 'Be The One', 'IDGAF', 'Hotter Than Hell' & 'New Rules",2017-07-07,3167429830,18116150,391191,0.58,https://i.ytimg.com/vi/k2qgadSvNyU/hqdefault.jpg,https://www.youtube.com/watch?v=k2qgadSvNyU
tt2k8PGm-TI,ZAYN - Dusk Till Dawn (Official Video) ft. Sia,"ZAYN's ""Dusk Till Dawn"" ft. Sia on iTunes: http://smarturl.it/ZDTD/itunes?IQid=yt
Stream/Add on Spotify: http://smarturl.it/ZDTD/spotify?IQid=yt
Get it on Amazon Music: http://smarturl.it/ZDTD/amazon?",2017-09-07,2299007715,15702696,429151,0.7,https://i.ytimg.com/vi/tt2k8PGm-TI/hqdefault.jpg,https://www.youtube.com/watch?v=tt2k8PGm-TI
qvtIvrGn61g,Lana Love - LOST BOYZ. feat. Ghostface Killah (Official Music Video),"LOST BOYZ. (feat. Ghostface Killah)

Lyrics by
Lana Love & Ghostface Killah

Music Production by
RayRay Scavo III 

Directed & Choreographed by
Antoinette DiPietropolo 

Director of Photography
Joe Ar",2025-06-13,386000,17670,323,4.66,https://i.ytimg.com/vi/qvtIvrGn61g/hqdefault.jpg,https://www.youtube.com/watch?v=qvtIvrGn61g
QU9c0053UAU,정국 (Jung Kook) 'Seven (feat. Latto)' Official MV,"정국 (Jung Kook) 'Seven (feat. Latto)' Official MV

'Seven (feat. Latto)' Release
💽 Listen to 'Seven': https://ingrv.es/Seven

Credits:
Directed by Bradley & Pablo 

Production Company: Prettybird
Produ",2023-07-14,535531805,10829685,1360127,2.28,https://i.ytimg.com/vi/QU9c0053UAU/hqdefault.jpg,https://www.youtube.com/watch?v=QU9c0053UAU
BY_XwvKogC8,Billie Eilish - CHIHIRO (Official Music Video),"HIT ME HARD AND SOFT, the new album from Billie Eilish, is out now. Shop exclusive vinyl and CD: https://BillieEilish.lnk.to/Store 

Directed by Billie Eilish

Listen to HIT ME HARD AND SOFT: http://B",2024-06-06,129016351,1844889,39748,1.46,https://i.ytimg.com/vi/BY_XwvKogC8/hqdefault.jpg,https://www.youtube.com/watch?v=BY_XwvKogC8
fRh_vgS2dFE,Justin Bieber - Sorry (PURPOSE : The Movement),"‘Purpose’ Available Everywhere Now!
iTunes: http://smarturl.it/PurposeDlx?IQid=VEVO1113 
Stream & Add To Your Spotify Playlist: http://smarturl.it/sPurpose?IQid=VEVO1113 
Google Play: http://smarturl.",2015-10-22,3984648922,17255688,890294,0.46,https://i.ytimg.com/vi/fRh_vgS2dFE/hqdefault.jpg,https://www.youtube.com/watch?v=fRh_vgS2dFE
nfs8NYg7yQM,Charlie Puth - Attention [Official Video],"Charlie Puth - Attention [Official Video]
From Charlie's album Voicenotes!
Download/Stream: https://Atlantic.lnk.to/VoicenotesID

Light Switch out now!
Download/stream: https://charlieputh.lnk.to/Ligh",2017-04-24,1683302477,11490881,255907,0.7,https://i.ytimg.com/vi/nfs8NYg7yQM/hqdefault.jpg,https://www.youtube.com/watch?v=nfs8NYg7yQM
F8wLISRRJFE,Jack Dean - Rumours (Lyric Visualizer),"""Rumours"" the new single by Jack Dean is out now. Listen here: https://ffm.to/jackdean-rumours.IIV

Follow Jack:
Instagram: https://www.instagram.com/jvckdean/
Tik Tok: https://www.tiktok.com/@UCybykw",2025-05-30,28772,159,11,0.59,https://i.ytimg.com/vi/F8wLISRRJFE/hqdefault.jpg,https://www.youtube.com/watch?v=F8wLISRRJFE
bnVUHWCynig,Beyoncé - Halo,"Beyoncé's official music video for “Halo” 
Listen to Beyoncé: https://Beyonce.lnk.to/listenYD

Subscribe to the official Beyoncé YouTube channel: https://Beyonce.lnk.to/subscribeYD

Follow Beyoncé:
Fa",2009-10-03,1704457190,8049464,236971,0.49,https://i.ytimg.com/vi/bnVUHWCynig/hqdefault.jpg,https://www.youtube.com/watch?v=bnVUHWCynig
cF1Na4AIecM,Sabrina Carpenter - Please Please Please (Official Video),"Stream “Please Please Please” here: https://SabrinaCarpenter.lnk.to/PleasePleasePlease
Listen to Short n’ Sweet, out now: https://SabrinaCarpenter.lnk.to/shortnsweet
Watch all Short n’ Sweet videos he",2024-06-07,239903993,2503092,50283,1.06,https://i.ytimg.com/vi/cF1Na4AIecM/hqdefault.jpg,https://www.youtube.com/watch?v=cF1Na4AIecM
lWA2pjMjpBs,Rihanna - Diamonds,"Get Rihanna’s eighth studio album ANTI now:
Download on TIDAL: http://smarturl.it/downloadANTI
Stream on TIDAL: http://smarturl.it/streamANTIdlx
Download on iTunes: http://smarturl.it/dlxANTI
Download",2012-11-09,2447906771,12125525,442865,0.51,https://i.ytimg.com/vi/lWA2pjMjpBs/hqdefault.jpg,https://www.youtube.com/watch?v=lWA2pjMjpBs
papuvlVeZg8,Clean Bandit - Rockabye (feat. Sean Paul & Anne-Marie) [Official Video],"Listen to our new song Don't Leave Me Lonely https://cleanbandit.lnk.to/dont-leave-me-lonelyIN

Click here to subscribe: http://bit.ly/SubscribeToCleanBandit

Video directed by Jack
Creative Directed ",2016-10-21,3091188781,14636605,314971,0.48,https://i.ytimg.com/vi/papuvlVeZg8/hqdefault.jpg,https://www.youtube.com/watch?v=papuvlVeZg8
Ed6sUSD5QiA,Lana Love - ANTIDOTE. (Official Music Video),"ANTIDOTE.

Music & Lyrics by
Lana Love 

Music Production by
RayRay Scavo III – @rayrayscavo & Lana Love – @lanalovemusic

Directed & Choreographed by
Antoinette DiPietropolo – @antoinettedip

Associa",2025-05-16,239994,8125,125,3.44,https://i.ytimg.com/vi/Ed6sUSD5QiA/hqdefault.jpg,https://www.youtube.com/watch?v=Ed6sUSD5QiA
LjhCEhWiKXk,Bruno Mars - Just The Way You Are (Official Music Video),"The official music video for Bruno Mars' ""Just The Way You Are"" from the album ‘Doo-Wops & Hooligans’.

Directed by Ethan Lader

Inspired by the artwork of Erika Iris Simmons

🔔 Subscribe for the late",2010-09-08,2064151601,8973938,261762,0.45,https://i.ytimg.com/vi/LjhCEhWiKXk/hqdefault.jpg,https://www.youtube.com/watch?v=LjhCEhWiKXk
k-k2_Liofy8,Lola Young - Messy (Official Video),"My album 'I'm Only F**cking Myself' is out September 19th
Pre-order here: https://LolaYoung.lnk.to/IOFMPreOrderID 

More of Lola Young here: https://www.youtube.com/playlist?list=PLAGPTX1uXn5JMj2D5rMJ",2024-05-30,95984292,968460,32477,1.04,https://i.ytimg.com/vi/k-k2_Liofy8/hqdefault.jpg,https://www.youtube.com/watch?v=k-k2_Liofy8
T3E9Wjbq44E,Gym Class Heroes: Stereo Hearts ft. Adam Levine [OFFICIAL VIDEO],"Gym Class Heroes' music video for 'Stereo Hearts' featuring Adam Levine from the album, The Papercut Chronicles II - available now on DCD2 Records / Fueled By Ramen.

Go behind the scenes of this vide",2011-08-12,977722194,8706668,238544,0.91,https://i.ytimg.com/vi/T3E9Wjbq44E/hqdefault.jpg,https://www.youtube.com/watch?v=T3E9Wjbq44E
H5v3kku4y6Q,Harry Styles - As It Was (Official Video),"Official Video for ""As It Was"" by Harry Styles.
Harry's new album ""Harry's House"" out now. Listen here:  https://hstyles.lnk.to/HarrysHouse
 
Amazon Music: https://hstyles.lnk.to/HarrysHouse/AmazonMus",2022-03-31,851201598,8653455,215775,1.04,https://i.ytimg.com/vi/H5v3kku4y6Q/hqdefault.jpg,https://www.youtube.com/watch?v=H5v3kku4y6Q
zUqX1JeY5_A,Pretend You Died - Emily Pierce (official lyric video),,2025-05-30,40321,185,12,0.49,https://i.ytimg.com/vi/zUqX1JeY5_A/hqdefault.jpg,https://www.youtube.com/watch?v=zUqX1JeY5_A
qrO4YZeyl0I,Lady Gaga - Bad Romance (Official Music Video),"MAYHEM OUT NOW
http://ladygaga.com 
 
Follow Lady Gaga:
Facebook: https://www.facebook.com/ladygaga 
Instagram: https://www.instagram.com/ladygaga 
TikTok: https://www.tiktok.com/@ladygaga 
Twitter: h",2009-11-24,1961955842,9833545,926351,0.55,https://i.ytimg.com/vi/qrO4YZeyl0I/hqdefault.jpg,https://www.youtube.com/watch?v=qrO4YZeyl0I
KEG7b851Ric,Sabrina Carpenter - Taste (Official Video),"Stream “Taste” here: https://sabrinacarpenter.lnk.to/Taste
Listen to Short n’ Sweet, out now:  https://sabrinacarpenter.lnk.to/ShortNSweet
Watch all Short n’ Sweet videos here : https://SabrinaCarpent",2024-08-23,196239847,3199054,91282,1.68,https://i.ytimg.com/vi/KEG7b851Ric/hqdefault.jpg,https://www.youtube.com/watch?v=KEG7b851Ric
pRfmrE0ToTo,Anne-Marie & James Arthur - Rewrite The Stars [from The Greatest Showman: Reimagined],"The official music video for Anne-Marie & @jamesarthur - Rewrite The Stars from The Greatest Showman: Reimagined

UNHEALTHY the new album out now: https://anne-marie.lnk.to/Unhealthy

Download/Stream ",2018-11-16,675935800,4634129,71742,0.7,https://i.ytimg.com/vi/pRfmrE0ToTo/hqdefault.jpg,https://www.youtube.com/watch?v=pRfmrE0ToTo
fWNaR-rxAic,Carly Rae Jepsen - Call Me Maybe,"Get E•MO•TION on iTunes now: http://smarturl.it/E-MO-TION

Sign up for Carly Rae Jepsen news here: http://smarturl.it/CRJ.News

Music video by Carly Rae Jepsen performing Call Me Maybe. (C) 2011 604 R",2012-03-01,1747306046,9932758,661585,0.61,https://i.ytimg.com/vi/fWNaR-rxAic/hqdefault.jpg,https://www.youtube.com/watch?v=fWNaR-rxAic
XUd0xmK7fvY,Claudia Valentina - Candy (Official Video),"Official video for Claudia Valentina new single “Candy”

Claudia Valentina - Candy is out now

Listen & Download “Candy”: https://stem.ffm.to/candy

Music Video credits 
Director: Erik He
Creative Dir",2025-05-23,274072,12225,1040,4.84,https://i.ytimg.com/vi/XUd0xmK7fvY/hqdefault.jpg,https://www.youtube.com/watch?v=XUd0xmK7fvY
31crA53Dgu0,Sia - Cheap Thrills (Performance Edit),"""Cheap Thrills"" by Sia
Listen to Sia: https://sia.lnk.to/listenYD
Watch more Sia videos: https://sia.lnk.to/listenYD/youtube

Subscribe to the official Sia YouTube channel: https://sia.lnk.to/subscrib",2016-03-21,1157663550,7155580,159707,0.63,https://i.ytimg.com/vi/31crA53Dgu0/hqdefault.jpg,https://www.youtube.com/watch?v=31crA53Dgu0
KNtJGQkC-WI,Ariana Grande - we can't be friends (wait for your love) (official music video),"Music video by Ariana Grande performing we can't be friends (wait for your love).© 2024 Republic Records, a division of UMG Recordings, Inc.",2024-03-08,288757582,3151090,109627,1.13,https://i.ytimg.com/vi/KNtJGQkC-WI/hqdefault.jpg,https://www.youtube.com/watch?v=KNtJGQkC-WI
GR3Liudev18,Chappell Roan - Pink Pony Club (Official Music Video),"Chappell Roan – Pink Pony Club

Download/stream ""Pink Pony Club"": https://ChappellRoan.lnk.to/PinkPonyClubID
Listen to ""The Rise and Fall of a Midwest Princess"" now: https://chappellroan.lnk.to/TheRis",2020-04-03,82671757,722053,26288,0.91,https://i.ytimg.com/vi/GR3Liudev18/hqdefault.jpg,https://www.youtube.com/watch?v=GR3Liudev18
I-QfPUz1es8,Imagine Dragons - Bad Liar,"Listen to 'Eyes Closed' out now: https://ImagineDragons.lnk.to/EyesClosed
Watch the official video for ‘Eyes Closed here: https://ImagineDragons.lnk.to/EyesClosedVideo

Shop Imagine Dragons: https://I",2019-01-24,581129400,5042100,106118,0.89,https://i.ytimg.com/vi/I-QfPUz1es8/hqdefault.jpg,https://www.youtube.com/watch?v=I-QfPUz1es8
IjNpSJfx7Cs,Eli Jae - Your Body,"Stream & Download Audio!  https://www.submithub.com/link/eli-jae-your-body
Eli Jae performs YOUR BODY
follow on socials @elijaemusic on all platforms


#elijae #rnb  #soul",2025-05-23,23285,261,27,1.24,https://i.ytimg.com/vi/IjNpSJfx7Cs/hqdefault.jpg,https://www.youtube.com/watch?v=IjNpSJfx7Cs
DUT5rEU6pqM,Shakira - Hips Don't Lie (Official 4K Video) ft. Wyclef Jean,"Official 4K Video ""Hips Don't Lie"" by Shakira ft. Wyclef Jean

Shakira's new album, Las Mujeres Ya No Lloran, out now!
Listen at https://SML.lnk.to/LMYNL

Listen to Shakira: https://Shakira.lnk.to/lis",2009-10-03,1630612958,8248947,254312,0.52,https://i.ytimg.com/vi/DUT5rEU6pqM/hqdefault.jpg,https://www.youtube.com/watch?v=DUT5rEU6pqM
eWAdpUyzCkI,"JENNIE, Doechii - ExtraL (Official Video)","Official music video for “ExtraL” by JENNIE & Doechii out now: https://jennie.lnk.to/extral

'Ruby' The 1st Studio Album out now: https://jennie.lnk.to/ruby

Directed by Cole Bennett
Produced by Lyric",2025-02-21,80189696,2261125,104753,2.95,https://i.ytimg.com/vi/eWAdpUyzCkI/hqdefault.jpg,https://www.youtube.com/watch?v=eWAdpUyzCkI
N6O2ncUKvlg,Nelly - Just A Dream (Official Music Video),"REMASTERED IN HD! UP TO 4K!!
Official Music Video for Just A Dream performed by Nelly. 

Listen to the Best Of playlist from Nelly here: https://Stream.lnk.to/NellyPlaylistIB

Follow Nelly:
Instagram:",2010-09-21,901796052,3967853,156157,0.46,https://i.ytimg.com/vi/N6O2ncUKvlg/hqdefault.jpg,https://www.youtube.com/watch?v=N6O2ncUKvlg
SXiSVQZLje8,Ariana Grande ft. Nicki Minaj - Side To Side (Official Video) ft. Nicki Minaj,"Side To Side ft. Nicki Minaj (Official Video)
Listen to 'Dangerous Woman' the album: https://arianagrande.lnk.to/dangerouswoman-albumYD

Best of Ariana Grande https://goo.gl/XmsuFK
Ariana Grande Audio",2016-08-30,2336947426,12733480,533933,0.57,https://i.ytimg.com/vi/SXiSVQZLje8/hqdefault.jpg,https://www.youtube.com/watch?v=SXiSVQZLje8
uiVppkX77Y8,Jake Wesley Rogers - Little Queen | OurVinyl Sessions,"Get new music in your inbox every Friday - https://bit.ly/3tm817h
Please click those like and subscribe buttons. It helps us keep doing what we are doing!

Please enjoy Jake Wesley Rogers from Nashvil",2019-10-23,63129,849,63,1.44,https://i.ytimg.com/vi/uiVppkX77Y8/hqdefault.jpg,https://www.youtube.com/watch?v=uiVppkX77Y8
SlPhMPnQ58k,Maroon 5 - Memories (Official Video),"“Memories” is out now:
https://smarturl.it/MemoriesMaroon5

For more, visit:
https://www.facebook.com/maroon5
https://twitter.com/maroon5
https://www.instagram.com/maroon5

Sign up for updates: http:/",2019-10-08,1156000145,10095552,297675,0.9,https://i.ytimg.com/vi/SlPhMPnQ58k/hqdefault.jpg,https://www.youtube.com/watch?v=SlPhMPnQ58k
BDHM8cyJQa8,Gracie Abrams - That’s So True (Official Lyric Video),"Listen to the new album, The Secret of Us Deluxe, out now: https://gracieabrams.lnk.to/TheSecretofUsDeluxe 
 
Shop official Gracie merch and music: https://GracieAbrams.lnk.to/Shop 
 
Follow Gracie Ab",2024-10-18,24086180,228696,6117,0.97,https://i.ytimg.com/vi/BDHM8cyJQa8/hqdefault.jpg,https://www.youtube.com/watch?v=BDHM8cyJQa8
_Z5-P9v3F8w,Justin Bieber - Never Say Never ft. Jaden,"REMASTERED IN HD!
Official Music Video for Never Say Never performed by Justin Bieber.

Follow Justin 
Instagram: https://www.instagram.com/justinbieber
Twitter: https://twitter.com/justinbieber
Faceb",2010-05-27,1282696831,8079929,501722,0.67,https://i.ytimg.com/vi/_Z5-P9v3F8w/hqdefault.jpg,https://www.youtube.com/watch?v=_Z5-P9v3F8w
VPRjCeoBqrI,Coldplay - A Sky Full Of Stars (Official Video),"Coldplay's tenth studio album Moon Music available to listen/ buy now! https://coldplay.lnk.to/MoonMusic 🌙

Coldplay - A Sky Full Of Stars is taken from the album Ghost Stories released in 2014 (hear ",2014-06-19,1004236453,4691865,98368,0.48,https://i.ytimg.com/vi/VPRjCeoBqrI/hqdefault.jpg,https://www.youtube.com/watch?v=VPRjCeoBqrI
45CM_ixfnA4,"Lindsay Ell, Nightly - i shouldn’t call you (Lyric Video)","i shouldn’t call you is out now - click here to stream: https://lindsayell.lnk.to/ishouldntcallyou

‘love myself’ EP out now, click here to listen:
https://bio.to/lindsayell

Follow Lindsay Ell:
https",2025-01-31,312098,743,47,0.25,https://i.ytimg.com/vi/45CM_ixfnA4/hqdefault.jpg,https://www.youtube.com/watch?v=45CM_ixfnA4
q9miALJ2YSQ,Coldplay - Sparks (lyrics),A beautiful song by Coldplay... One of my all time favorite.,2010-03-20,2808045,44565,1756,1.65,https://i.ytimg.com/vi/q9miALJ2YSQ/hqdefault.jpg,https://www.youtube.com/watch?v=q9miALJ2YSQ
OqEc_169ywY,Henry Moodie - drunk text (official video),"I wish I was who you drunk texted at midnight…

Listen/Download Here: https://henrymoodie.lnk.to/drunktext

SUBSCRIBE to Henry’s channel: https://www.youtube.com/henrymoodie 

Follow Henry Moodie on T",2023-02-10,185150070,774937,11143,0.42,https://i.ytimg.com/vi/OqEc_169ywY/hqdefault.jpg,https://www.youtube.com/watch?v=OqEc_169ywY
t4H_Zoh7G5A,Jennifer Lopez - On The Floor ft. Pitbull,"Music video by Jennifer Lopez performing On The Floor feat. Pitbull. © 2011 Island Records
#VEVOCertified on April 15, 2012. http://www.vevo.com/certified http://www.youtube.com/vevocertified",2011-03-04,2599371448,11079090,497802,0.45,https://i.ytimg.com/vi/t4H_Zoh7G5A/hqdefault.jpg,https://www.youtube.com/watch?v=t4H_Zoh7G5A
BcqxLCWn-CE,Lauv - I Like Me Better [Official Video],"Official Music Video for ""I Like Me Better"" by Lauv

I met you when I was 18. is a collection of songs, a story. about making a big move, falling in love for the first time, and figuring out your own ",2017-08-10,300584005,2392341,34746,0.81,https://i.ytimg.com/vi/BcqxLCWn-CE/hqdefault.jpg,https://www.youtube.com/watch?v=BcqxLCWn-CE
A4IeGvEEcpI,Set Fire to the Rain,"Provided to YouTube by Beggars Group Digital Ltd.

Set Fire to the Rain · Adele

Set Fire to the Rain

℗ 2010 XL Recordings Ltd

Released on: 2011-07-04

Associated  Performer: Adele Adkins
Producer, ",2020-12-15,4990258,62777,645,1.27,https://i.ytimg.com/vi/A4IeGvEEcpI/hqdefault.jpg,https://www.youtube.com/watch?v=A4IeGvEEcpI
kbEC-AGr9n0,LISA - BORN AGAIN feat. Doja Cat & RAYE (Official Music Video),"Stream LISA’s new single “Born Again” feat. Doja Cat & RAYE: https://lisa.lnk.to/BornAgain 
LISA’s debut album, ‘Alter Ego’ is out now. Listen here: https://lisa.lnk.to/AlterEgo   
Shop vinyl, CDs, ph",2025-02-07,103639449,2609786,139870,2.65,https://i.ytimg.com/vi/kbEC-AGr9n0/hqdefault.jpg,https://www.youtube.com/watch?v=kbEC-AGr9n0
I7HahVwYpwo,The Black Eyed Peas - Meet Me Halfway (Official Music Video),"REMASTERED IN HD!
Music video by Black Eyed Peas performing Meet Me Halfway. YouTube view counts pre-VEVO: 3,094,999. (C) 2009 Interscope Records
VEVOCertified on Dec. 5, 2012. http://vevo.com/certifi",2010-01-21,625861824,2705410,85661,0.45,https://i.ytimg.com/vi/I7HahVwYpwo/hqdefault.jpg,https://www.youtube.com/watch?v=I7HahVwYpwo
v203Fn9uPvk,Want You Bad - Shoshana Ami (Official Lyric Video),"Official lyric video for the single ""Want You Bad"" by Shoshana Ami, off her brand new album BABY. Album now available on Spotify, Apple Music, Amazon and all other digital music stores! LINKS:

Spotif",2025-06-10,17702,141,1,0.8,https://i.ytimg.com/vi/v203Fn9uPvk/hqdefault.jpg,https://www.youtube.com/watch?v=v203Fn9uPvk
5NPBIwQyPWE,Avril Lavigne - Complicated (Official Video),"Official HD Video for ""Complicated” by Avril Lavigne 
Listen to Avril Lavigne: https://AvrilLavigne.lnk.to/listen_YD
Listen to ""Let Go"" 20th Anniversary: https://avrillavigne.lnk.to/LetGo20ExpandedEdi",2010-02-25,797588636,5044312,170079,0.65,https://i.ytimg.com/vi/5NPBIwQyPWE/hqdefault.jpg,https://www.youtube.com/watch?v=5NPBIwQyPWE
JLJcHbYSlB8,Taylor Swift - Cruel Summer,"Taylor Swift - Cruel Summer
» Descargar:

» Apoyo Taylor Swift:
Instagram: http://www.instagram.com/taylorswift
Facebook: http://www.facebook.com/taylorswift
Tumblr: http://taylorswift.tumblr.com
Twi",2023-06-22,54702370,230615,8020,0.44,https://i.ytimg.com/vi/JLJcHbYSlB8/hqdefault.jpg,https://www.youtube.com/watch?v=JLJcHbYSlB8
evJ6gX1lp2o,Artemas - i like the way you kiss me (official music video),"Tickets for The Americas Tour 2025 are on sale now. Get tickets: https://www.artem.as/live

Follow Artemas:
https://www.tiktok.com/@artemasaltalt
https://www.instagram.com/artemas___/
https://twitter.",2024-04-12,186965910,1704767,38142,0.93,https://i.ytimg.com/vi/evJ6gX1lp2o/hqdefault.jpg,https://www.youtube.com/watch?v=evJ6gX1lp2o
0yW7w8F2TVA,James Arthur - Say You Won't Let Go,"Watch the official video to ""Say You Won't Let Go"" by James Arthur
Get the song here: https://smg.lnk.to/sayyouwontletgo 

BITTER SWEET LOVE - The new album - OUT NOW
💿 https://jamesarthur.lnk.to/BSL
",2016-09-09,1760483199,9336320,189373,0.54,https://i.ytimg.com/vi/0yW7w8F2TVA/hqdefault.jpg,https://www.youtube.com/watch?v=0yW7w8F2TVA
VgeEmRfilpo,Lindsay Ell - story i tell myself,"story i tell myself is out now – click here to stream: https://lindsayell.lnk.to/storyitellmyselfYP

‘love myself’ EP out now, click here to listen:
https://bio.to/lindsayell

Follow Lindsay Ell:
http",2024-10-17,65926,1475,113,2.41,https://i.ytimg.com/vi/VgeEmRfilpo/hqdefault.jpg,https://www.youtube.com/watch?v=VgeEmRfilpo
dT2owtxkU8k,Shawn Mendes - There's Nothing Holdin' Me Back (Official Music Video),"New album WONDER available now
Listen here: https://wonder.lnk.to/OutNow

Follow Shawn Mendes
Instagram | https://www.instagram.com/shawnmendes/
Twitter | https://twitter.com/ShawnMendes
Facebook | ht",2017-06-21,1350697138,9852784,224447,0.75,https://i.ytimg.com/vi/dT2owtxkU8k/hqdefault.jpg,https://www.youtube.com/watch?v=dT2owtxkU8k
uSD4vsh1zDA,The Black Eyed Peas - I Gotta Feeling (Official Music Video),"REMASTERED IN HD!
Official Music Video for I Gotta Feeling performed by Black Eyed Peas.

Follow Black Eyed Peas
Instagram: https://www.instagram.com/blackeyedpeas
Twitter: https://www.facebook.com/bl",2009-12-23,858105736,4727250,150680,0.57,https://i.ytimg.com/vi/uSD4vsh1zDA/hqdefault.jpg,https://www.youtube.com/watch?v=uSD4vsh1zDA
Dll6VJ2C7wo,"RAYE, 070 Shake - Escapism. (Official Music Video)","Debut album 'My 21st Century Blues' feat. 'Escapism', 'Hard Out Here' & 'The Thrill Is Gone' available now. Listen/Buy: https://raye.orcd.co/m21cb

Pre-Order/Pre-Save: https://raye.orcd.co/m21cb
Liste",2022-11-09,201501182,1704970,24134,0.86,https://i.ytimg.com/vi/Dll6VJ2C7wo/hqdefault.jpg,https://www.youtube.com/watch?v=Dll6VJ2C7wo
ViwtNLUqkMY,Beyoncé - Crazy In Love ft. JAY Z,"Beyoncé's official video for 'Crazy In Love'. Click to listen to Beyoncé on Spotify: http://smarturl.it/BeyonceSpot?IQid=BeyCIL

As featured on Dangerously In Love. Click to buy the track or album via",2009-10-03,889624184,4184338,81056,0.48,https://i.ytimg.com/vi/ViwtNLUqkMY/hqdefault.jpg,https://www.youtube.com/watch?v=ViwtNLUqkMY
HEXWRTEbj1I,Haddaway - What Is Love [Official 4K],"Available on all streaming platforms:

https://album.link/s6b9vpbhnjztf

Haddaway's musical career started in 1993 with the dance hit ""What Is Love"", which quickly became a standard popular request - ",2014-06-18,390953869,3988435,109095,1.05,https://i.ytimg.com/vi/HEXWRTEbj1I/hqdefault.jpg,https://www.youtube.com/watch?v=HEXWRTEbj1I
Il-an3K9pjg,Anne-Marie - 2002 [Official Video],"The new album 'UNHEALTHY' OUT NOW: https://anne-marie.lnk.to/Unhealthy
Listen to 'UNHEALTHY' feat. Shania Twain: https://anne-marie.lnk.to/Unhealthy-Single/

Check out the Anne-Marie – Top Songs Video",2018-05-08,980206483,5626919,113247,0.59,https://i.ytimg.com/vi/Il-an3K9pjg/hqdefault.jpg,https://www.youtube.com/watch?v=Il-an3K9pjg
1RKqOmSkGgM,"Chappell Roan - Good Luck, Babe! (Official Lyric Video)","Stream to “Good Luck, Babe!” now: https://ChappellRoan.lnk.to/GoodLuckBabeSingle
Listen to ""The Rise and Fall of a Midwest Princess"" now: https://chappellroan.lnk.to/TheRiseandFallofaMidwestPrincess
 ",2024-04-05,107949216,919044,23524,0.87,https://i.ytimg.com/vi/1RKqOmSkGgM/hqdefault.jpg,https://www.youtube.com/watch?v=1RKqOmSkGgM
nfWlot6h_JM,Taylor Swift - Shake It Off,"►Exclusive Merch: https://store.taylorswift.com
 
►Follow Taylor Swift Online
Instagram: http://www.instagram.com/taylorswift
Facebook: http://www.facebook.com/taylorswift
Tumblr: http://taylorswift.t",2014-08-18,3584797788,13906296,597201,0.4,https://i.ytimg.com/vi/nfWlot6h_JM/hqdefault.jpg,https://www.youtube.com/watch?v=nfWlot6h_JM
PIh2xe4jnpk,MAGIC! - Rude (Official Video),"“Don’t Kill the Magic”, the debut album from MAGIC!, Available Now on iTunes: http://smarturl.it/DKTMiTunes?IQid=yt  Follow Magic! Website http://www.ournameismagic.com  Facebook https://www.facebook.",2013-12-06,2582720254,12264398,262206,0.49,https://i.ytimg.com/vi/PIh2xe4jnpk/hqdefault.jpg,https://www.youtube.com/watch?v=PIh2xe4jnpk
Fp8msa5uYsc,Justin Bieber - Ghost,"Justice: The Complete Edition - https://JustinBieber.lnk.to/JusticeTheCompleteEdition 
Shop “Justice” merch - https://justinbieber.lnk.to/OfficialShop
 
Follow Justin: 
https://facebook.com/JustinBieb",2021-10-08,427279576,3879263,116908,0.94,https://i.ytimg.com/vi/Fp8msa5uYsc/hqdefault.jpg,https://www.youtube.com/watch?v=Fp8msa5uYsc
To4SWGZkEPk,Tate McRae - greedy (Official Video),"Tate McRae’s new album, ‘So Close To What’ is out now. Listen here: https://tatemcrae.lnk.to/soclosetowhat    
Shop vinyl, CDs, cassettes and more: https://tatemcrae.lnk.to/Store     
The Miss Possess",2023-09-15,216269590,1638752,26546,0.77,https://i.ytimg.com/vi/To4SWGZkEPk/hqdefault.jpg,https://www.youtube.com/watch?v=To4SWGZkEPk
gdZLi9oWNZg,BTS (방탄소년단) 'Dynamite' Official MV,"BTS (방탄소년단) 'Dynamite' Official MV


Credits:
Director: Yong Seok Choi (Lumpens)
Assistant Director: Jihye Yoon (Lumpens)

Director of Photography: Hyunwoo Nam (GDW)
B Camera Operator: Eumko
Focus Pul",2020-08-21,1975325477,38396097,15722837,2.74,https://i.ytimg.com/vi/gdZLi9oWNZg/hqdefault.jpg,https://www.youtube.com/watch?v=gdZLi9oWNZg
o_1aF54DO60,Lana Del Rey - Young and Beautiful,"New single High By The Beach
Listen on Youtube: http://lanadel.re/HBTByoutube
Download on iTunes: http://lanadel.re/HBTBiTfb
Stream on Spotify: http://lanadel.re/HBTBspotify
 
More Lana Del Rey:
http:",2013-05-10,708845912,5388571,128560,0.78,https://i.ytimg.com/vi/o_1aF54DO60/hqdefault.jpg,https://www.youtube.com/watch?v=o_1aF54DO60
M11SvDtPBhA,Miley Cyrus - Party In The U.S.A. (Official Video),"""Party in the USA"" Official Video
NOW AVAILABLE IN FULL HD!

Click here for more music videos from your favorite Hollywood Records artists:
https://www.youtube.com/playlist?list=PL6MCBitStgNmwQOWtAO4C",2009-09-25,1075545877,4814674,457998,0.49,https://i.ytimg.com/vi/M11SvDtPBhA/hqdefault.jpg,https://www.youtube.com/watch?v=M11SvDtPBhA
4lD0-1Uplms,Loreen - Tattoo (Official Lyric Video),"Winner of the Swedish Melodifestival 2023
More Loreen: https://bio.to/loreenID

Lyrics:

I don't wanna go
But baby we both know
This is not our time
It’s time to say goodbye
Until we meet again
Cuz th",2023-02-25,149228696,913854,12625,0.62,https://i.ytimg.com/vi/4lD0-1Uplms/hqdefault.jpg,https://www.youtube.com/watch?v=4lD0-1Uplms
qN4ooNx77u0,Harry Styles - Sign of the Times (Official Video),"Official music video for ”Sign of the Times” by Harry Styles
Listen to Harry Styles: https://HarryStyles.lnk.to/listenYD 
Watch more videos by Harry Styles: https://HarryStyles.lnk.to/listenYD/youtube",2017-05-08,1422785071,9319261,286449,0.68,https://i.ytimg.com/vi/qN4ooNx77u0/hqdefault.jpg,https://www.youtube.com/watch?v=qN4ooNx77u0
2Abk1jAONjw,Lady Gaga - Just Dance (Official Music Video) ft. Colby O'Donis,"MAYHEM OUT NOW
http://ladygaga.com 

Follow Lady Gaga:
Facebook: https://www.facebook.com/ladygaga 
Instagram: https://www.instagram.com/ladygaga 
TikTok: https://www.tiktok.com/@ladygaga 
Twitter: ht",2009-06-17,484512513,2272601,93653,0.49,https://i.ytimg.com/vi/2Abk1jAONjw/hqdefault.jpg,https://www.youtube.com/watch?v=2Abk1jAONjw
DJUyPfe5akU,Kelsie Kimberlin-Sucker (Official Music Video),"Way too many relationships are one-sided where a partner is taken for granted, or treated shitty.   That is what provided the grist for my new song ""Sucker,"" because I felt like a sucker when I put re",2025-05-16,667256,228,24,0.04,https://i.ytimg.com/vi/DJUyPfe5akU/hqdefault.jpg,https://www.youtube.com/watch?v=DJUyPfe5akU
J3UjJ4wKLkg,Rihanna - Take A Bow,"REMASTERED IN HD!
Get Rihanna’s eighth studio album ANTI now:
Download on TIDAL: http://smarturl.it/downloadANTI
Stream on TIDAL: http://smarturl.it/streamANTIdlx
Download on iTunes: http://smarturl.i",2009-11-30,762121863,2640864,69176,0.36,https://i.ytimg.com/vi/J3UjJ4wKLkg/hqdefault.jpg,https://www.youtube.com/watch?v=J3UjJ4wKLkg
Uq9gPaIzbe8,"Sam Smith, Kim Petras - Unholy (Official Music Video)","Stay up to date with Sam: https://bio.to/SamSmithID
Subscribe to Sam’s Mailing list: https://samsmith.world/Signup

Follow Sam Smith:
Instagram: https://www.instagram.com/samsmith/
Facebook: https://w",2022-09-30,286647422,3482663,82967,1.24,https://i.ytimg.com/vi/Uq9gPaIzbe8/hqdefault.jpg,https://www.youtube.com/watch?v=Uq9gPaIzbe8
RB-RcX5DS5A,Coldplay - The Scientist (Official 4K Video),"Coldplay's tenth studio album Moon Music available to listen/ buy now! https://coldplay.lnk.to/MoonMusic 🌙

Coldplay - The Scientist is taken from the album A Rush of Blood to the Head released in 200",2011-05-27,1285842727,6421786,142235,0.51,https://i.ytimg.com/vi/RB-RcX5DS5A/hqdefault.jpg,https://www.youtube.com/watch?v=RB-RcX5DS5A
e-fA-gBCkj0,Bruno Mars - Locked Out Of Heaven (Official Music Video),"The official music video for Bruno Mars' ""Locked Out Of Heaven"" from the album 'Unorthodox Jukebox'.

Directed by Cameron Duddy & Bruno Mars 

🔔 Subscribe for the latest official music videos, live pe",2012-10-15,1167922751,7317527,185854,0.64,https://i.ytimg.com/vi/e-fA-gBCkj0/hqdefault.jpg,https://www.youtube.com/watch?v=e-fA-gBCkj0
Qt2mbGP6vFI,Phil Collins - Another Day In Paradise (Official Music Video),"""Another Day In Paradise"" was the first single to be released from Phil Collins' #1 1989 album ""...But Seriously'.

Stream: https://PhilCollins.lnk.to/Stream 

🔔 Subscribe to Phil Collins' YouTube cha",2010-05-10,608881116,3045164,83382,0.51,https://i.ytimg.com/vi/Qt2mbGP6vFI/hqdefault.jpg,https://www.youtube.com/watch?v=Qt2mbGP6vFI
pZ1NdE69VTs,ROSÉ - number one girl (official music video),"ROSÉ - number one girl
download/stream: http://rosesarerosie.lnk.to/numberonegirlID

'rosie' - the first studio album by ROSÉ - out now
download/stream: http://rosesarerosie.lnk.to/rosieID

ROSÉ stor",2024-11-22,109473586,2456559,135942,2.37,https://i.ytimg.com/vi/pZ1NdE69VTs/hqdefault.jpg,https://www.youtube.com/watch?v=pZ1NdE69VTs
qeMFqkcPYcg,"Eurythmics, Annie Lennox, Dave Stewart - Sweet Dreams (Are Made Of This) (Official Video)","Eurythmics - Sweet Dreams (Are Made Of This) (Official Video)
Stream Eurythmics here: https://eurythmics.lnk.to/Playlists
Subscribe to Eurythmics' YouTube Channel: https://eurythmics.lnk.to/YouTube
 
",2009-10-25,1067836478,8052036,250522,0.78,https://i.ytimg.com/vi/qeMFqkcPYcg/hqdefault.jpg,https://www.youtube.com/watch?v=qeMFqkcPYcg
DeumyOzKqgI,Adele - Skyfall (Official Lyric Video),"Adele's official lyric video for her single ‘Skyfall'. 

As featured in the film 'Skyfall'. Click to buy/listen: http://smarturl.it/AdeleSkyfall
 
Follow Adele
Website: http://adele.com 
Faceboo",2012-10-18,745437350,5183882,167322,0.72,https://i.ytimg.com/vi/DeumyOzKqgI/hqdefault.jpg,https://www.youtube.com/watch?v=DeumyOzKqgI
mk48xRzuNvA,The Script - Hall of Fame (Official Video) ft. will.i.am,"The Script - Hall Of Fame (Official Video) ft. will.i.am
Listen to The Script's Greatest Hits here: https://TheScript.lnk.to/GreatestHits
Subscribe to The Script's Youtube Channel: https://TheScript",2012-08-22,620177567,5223072,162962,0.87,https://i.ytimg.com/vi/mk48xRzuNvA/hqdefault.jpg,https://www.youtube.com/watch?v=mk48xRzuNvA
kLbn61Z4LDI,Sabrina Carpenter - Feather (Official Video),"Sabrina Carpenter - Feather (Official Video)

Stream Feather here: https://SabrinaCarpenter.lnk.to/Feather

Stream emails i can't send fwd: here: https://SabrinaCarpenter.lnk.to/EICSF

Stream emails i",2023-10-31,137482873,1455473,35796,1.08,https://i.ytimg.com/vi/kLbn61Z4LDI/hqdefault.jpg,https://www.youtube.com/watch?v=kLbn61Z4LDI
XpqqjU7u5Yc,Bee Gees - How Deep Is Your Love (Official Video),"Bee Gees official music video for ""How Deep Is Your Love"" from the Saturday Night Fever Soundtrack, now remastered in HD. Subscribe for more videos: https://beegees.lnk.to/subscribe

Watch more Bee Ge",2009-10-27,704936134,3615280,110463,0.53,https://i.ytimg.com/vi/XpqqjU7u5Yc/hqdefault.jpg,https://www.youtube.com/watch?v=XpqqjU7u5Yc
wXhTHyIgQ_U,Post Malone - Circles (Official Music Video),"Official music video for “Circles” by Post Malone. Off his album ""Hollywood's Bleeding."" Get the song here: https://PostMalone.lnk.to/hollywoodsbleedingYD

►Subscribe for more: https://postmalone.lnk.",2019-09-03,745056583,5598526,128572,0.77,https://i.ytimg.com/vi/wXhTHyIgQ_U/hqdefault.jpg,https://www.youtube.com/watch?v=wXhTHyIgQ_U
mNEUkkoUoIA,OneRepublic - I Ain’t Worried (From “Top Gun: Maverick”) [Official Music Video],"‘Artificial Paradise' featuring “I Ain’t Worried” available now: https://onerepublic.lnk.to/ArtificialParadise 

Stream OneRepublic’s “I Ain’t Worried” from ‘Top Gun: Maverick’: 
http://OneRepublic.ln",2022-05-13,417372271,2789868,32157,0.68,https://i.ytimg.com/vi/mNEUkkoUoIA/hqdefault.jpg,https://www.youtube.com/watch?v=mNEUkkoUoIA
9p9EauIOPm8,Myles Smith - Stargazing (Take My Heart Don’t Break It) - Visualiser,"Myles Smith - Stargazing (Take My Heart Don’t Break It) - Visualiser

Listen to ‘Stargazing’ here - https://MylesSmith.lnk.to/StargazingAY

You Promised A Lifetime, my debut EP - https://MylesSmith.ln",2024-05-17,32325069,257898,3431,0.81,https://i.ytimg.com/vi/9p9EauIOPm8/hqdefault.jpg,https://www.youtube.com/watch?v=9p9EauIOPm8
ZSM3w1v-A_Y,Timbaland - Apologize ft. OneRepublic,"REMASTERED IN HD!
For the latest Timbaland music, download King Stays King | Available now: bit.ly/KingStaysKingTimbo

Follow Timbaland!

Facebook: www.facebook.com/Timbaland
Twitter: twitter.com/Timb",2009-06-17,808950742,4824289,112778,0.61,https://i.ytimg.com/vi/ZSM3w1v-A_Y/hqdefault.jpg,https://www.youtube.com/watch?v=ZSM3w1v-A_Y
4NRXx6U8ABQ,The Weeknd - Blinding Lights (Official Video),"Official music video for The Weeknd ""Blinding Lights"" - available everywhere now: http://theweeknd.co/blindinglightsYD

►Subscribe to The Weeknd on YouTube: http://theweeknd.co/subscribeYD 

►Get excl",2020-01-21,949507782,10805833,324300,1.17,https://i.ytimg.com/vi/4NRXx6U8ABQ/hqdefault.jpg,https://www.youtube.com/watch?v=4NRXx6U8ABQ
5GL9JoH4Sws,Fifth Harmony - Work from Home (Official Video) ft. Ty Dolla $ign,"“Work from Home” by Fifth Harmony feat. Ty Dolla $ign
Listen to Fifth Harmony: https://FifthHarmony.lnk.to/listenYD
 
Watch more Fifth Harmony videos: https://FifthHarmony.lnk.to/listenYC/youtube
 
Su",2016-02-26,2985212279,12877171,478981,0.45,https://i.ytimg.com/vi/5GL9JoH4Sws/hqdefault.jpg,https://www.youtube.com/watch?v=5GL9JoH4Sws
suAR1PYFNYA,Dua Lipa - Houdini (Official Music Video),"Listen to 'Radical Optimism', the new album here: https://dualipa.lnk.to/radicaloptimism
Listen to Houdini: https://dualipa.lnk.to/houdini

Subscribe to the Dua Lipa channel for all the best and lates",2023-11-09,213897371,1518621,52076,0.73,https://i.ytimg.com/vi/suAR1PYFNYA/hqdefault.jpg,https://www.youtube.com/watch?v=suAR1PYFNYA
wYfvVSvdL9o,"Robin Barnes - Hey Na (Iko Iko) ft. Big Freedia, HaSizzle, Kings of Brass (Official Music Video)","Adapter: Robin Barnes @RobinBarnes 
Songwriters: Barbara Ann Hawkins, Rosa Lee Hawkins, Joan Marie Johnson, and James Crawford
Co-Producers: Robin Barnes, Shea Pierre, Misha Kachkachishvili @Esplanade",2025-03-12,25461,74,42,0.46,https://i.ytimg.com/vi/wYfvVSvdL9o/hqdefault.jpg,https://www.youtube.com/watch?v=wYfvVSvdL9o
2vjPBrBU-TM,Sia - Chandelier (Official Video),"Sia's official music video for ""Chandelier""
Listen to more by Sia: https://sia.lnk.to/listenYD
Watch more Sia videos: https://sia.lnk.to/listenYD/youtube

Subscribe to the official Sia YouTube channel",2014-05-06,2843845251,13619833,606335,0.5,https://i.ytimg.com/vi/2vjPBrBU-TM/hqdefault.jpg,https://www.youtube.com/watch?v=2vjPBrBU-TM
LDY_XyxBu8A,SZA - Snooze (Official Video),"SZA’s New Album “SOS” // Available Everywhere Now!
Listen Here // https://sza.lnk.to/SOS  

A PRETTYBIRD Production
Directed by Bradley J. Calder
Written by SZA and Bradley J. Calder
Featuring Justin ",2023-08-25,110137698,1120894,32588,1.05,https://i.ytimg.com/vi/LDY_XyxBu8A/hqdefault.jpg,https://www.youtube.com/watch?v=LDY_XyxBu8A
aatr_2MstrI,Clean Bandit - Symphony (feat. Zara Larsson) [Official Video],"Listen to our new song Don't Leave Me Lonely! https://cleanbandit.lnk.to/dont-leave-me-lonelyIN

Creative Director - Grace
Director - Jack
Drone cinematography - Luke
Cinematography - Anya & Dasha 

D",2017-03-17,1398733667,8385931,223124,0.62,https://i.ytimg.com/vi/aatr_2MstrI/hqdefault.jpg,https://www.youtube.com/watch?v=aatr_2MstrI
cW8VLC9nnTo,Billie Eilish - What Was I Made For? (Official Music Video),"Listen to “What Was I Made For?”, out now: https://BillieEilish.lnk.to/WhatWasIM...

Directed by Billie Eilish

Follow Billie Eilish:
Facebook: https://BillieEilish.lnk.to/Facebook
Instagram: https://",2023-07-13,223559248,3252157,97660,1.5,https://i.ytimg.com/vi/cW8VLC9nnTo/hqdefault.jpg,https://www.youtube.com/watch?v=cW8VLC9nnTo
lAhHNCfA7NI,Alexandra Stan - Mr. Saxobeat (Official Video),"This track is super hot and also our weekly new releases. Discover them here https://orcd.co/7q02ea8

Listen to our hottest music track | Novedad musical: http://bit.ly/BestSongOTW 
Subscribe to Blanc",2010-11-26,389838584,1562316,67200,0.42,https://i.ytimg.com/vi/lAhHNCfA7NI/hqdefault.jpg,https://www.youtube.com/watch?v=lAhHNCfA7NI
U3ASj1L6_sY,Adele - Easy On Me (Official Video),"Official Video for ""Easy On Me"" by Adele.
Shop the ""Adele"" collection here: http://shop.adele.com

Listen to ""Easy On Me"" here: http://Adele.lnk.to/EOM
Amazon Music: http://Adele.lnk.to/EOM/AmazonMusi",2021-10-14,409539008,7061195,252446,1.79,https://i.ytimg.com/vi/U3ASj1L6_sY/hqdefault.jpg,https://www.youtube.com/watch?v=U3ASj1L6_sY
C-u5WLJ9Yk4,Britney Spears - ...Baby One More Time (Official Video),"Watch the official music video for ""...Baby One More Time"" by Britney Spears
Listen to Britney Spears: https://BritneySpears.lnk.to/listenYD

Subscribe to the official Britney Spears YouTube channel: ",2009-10-25,1082902908,5962513,214912,0.57,https://i.ytimg.com/vi/C-u5WLJ9Yk4/hqdefault.jpg,https://www.youtube.com/watch?v=C-u5WLJ9Yk4
eA0lHNZ1KCA,ROSÉ - toxic till the end (OFFICIAL MUSIC VIDEO),"'rosie' - the first studio album by ROSÉ - out now
download/stream: http://rosesarerosie.lnk.to/rosieID

ROSÉ store exclusive 'rosie' vinyl, cd's, and more available now: http://rosesarerosie.lnk.to/s",2024-12-06,103118417,2454888,108522,2.49,https://i.ytimg.com/vi/eA0lHNZ1KCA/hqdefault.jpg,https://www.youtube.com/watch?v=eA0lHNZ1KCA
ogoIxkPjRts,Air Supply - Making Love Out Of Nothing At All (Official HD Video),"Air Supply's official HD music video for 'Making Love Out Of Nothing At All'. Click to listen to Air Supply on Spotify: http://smarturl.it/AirSupplySpotify?I...

As featured on Ultimate Air Supply. Cl",2011-03-23,438273104,2299835,55754,0.54,https://i.ytimg.com/vi/ogoIxkPjRts/hqdefault.jpg,https://www.youtube.com/watch?v=ogoIxkPjRts
EgT_us6AsDg,Selena Gomez & The Scene - Love You Like A Love Song,"Take a walk down memory lane today with some of Selena Gomez's biggest videos on the SELENA GOMEZ COMPLETE playlist! Watch here: http://hollywoodrecs.co/SelenaGomez/Vevo?IQid=sgVEVO

A YEAR WITHOUT RA",2011-06-24,802411803,5655665,262035,0.74,https://i.ytimg.com/vi/EgT_us6AsDg/hqdefault.jpg,https://www.youtube.com/watch?v=EgT_us6AsDg
vMLk_T0PPbk,"Black Eyed Peas, Shakira - GIRL LIKE ME (Official Music Video)","Official Video for ""GIRL LIKE ME"" by Black Eyed Peas

Listen to Black Eyed Peas: https://blackeyedpeas.lnk.to/listenID
Watch more videos by Black Eyed Peas: https://blackeyedpeas.lnk.to/listenID/youtu",2020-12-04,851520699,6090522,227846,0.74,https://i.ytimg.com/vi/vMLk_T0PPbk/hqdefault.jpg,https://www.youtube.com/watch?v=vMLk_T0PPbk
YcSP1ZUf1eQ,Sabrina Carpenter - Nonsense (Official Video),"Sabrina Carpenter - Nonsense (Official Video)
Stream emails i can’t send here: https://sabrinacarpenter.lnk.to/EICS
 
Director: Danica Kleinknecht
Production Company: Ecorse
Executive Producer: Jeff K",2022-11-11,138150241,1027081,18251,0.76,https://i.ytimg.com/vi/YcSP1ZUf1eQ/hqdefault.jpg,https://www.youtube.com/watch?v=YcSP1ZUf1eQ
kTJczUoc26U,"The Kid LAROI, Justin Bieber - STAY (Official Video)","Official video for “Stay” by The Kid LAROI & Justin Bieber.
 
Listen & Download “Stay” out now: https://thekidlaroi.lnk.to/Stay
 
Amazon Music - https://thekidlaroi.lnk.to/Stay/amazonmusic
Apple Music",2021-07-09,1022145614,12088008,287695,1.21,https://i.ytimg.com/vi/kTJczUoc26U/hqdefault.jpg,https://www.youtube.com/watch?v=kTJczUoc26U
47YClVMlthI,Justin Bieber - Confident ft. Chance The Rapper,Music video by Justin Bieber performing Confident ft. Chance The Rapper. (C) 2014 The Island Def Jam Music Group,2014-01-30,362482591,3307294,187065,0.96,https://i.ytimg.com/vi/47YClVMlthI/hqdefault.jpg,https://www.youtube.com/watch?v=47YClVMlthI
mkCaf6tuhGM,"MIRA - Ring, Ring | Official Video","🎵 Stream or download ""Ring, Ring"" here: https://ffm.to/ringringmira
📱 Create a viral TikTok: https://www.tiktok.com/music/Ring-Ring-7354399084983191569
🔔 Subscribe to my channel: https://bit.ly/Subscr",2024-04-09,16413071,32733,506,0.2,https://i.ytimg.com/vi/mkCaf6tuhGM/hqdefault.jpg,https://www.youtube.com/watch?v=mkCaf6tuhGM
d73tiBBzvFM,Ace of Base - All That She Wants (Official Music Video),"Taken from the album ""The Sign"" /"" Happy Nation"". Produced in November 1992 by director Matt Broadley. Expand for links and lyrics.
▶️  Stream / Download: https://ace-of-base.ffm.to/the-sign.OYD
⏭ See",2010-10-16,214040637,1575238,36470,0.75,https://i.ytimg.com/vi/d73tiBBzvFM/hqdefault.jpg,https://www.youtube.com/watch?v=d73tiBBzvFM
PEM0Vs8jf1w,JVKE - golden hour (official music video),"It was just 2 lovers, 
Sittin in the car 
Listening to Blonde
Fallin for eachother
pink & orange skies,
Feelin super childish
No donald glover 
Missed call from my mother
Like Where u at tonight
Got n",2022-10-12,270687240,3610312,91395,1.37,https://i.ytimg.com/vi/PEM0Vs8jf1w/hqdefault.jpg,https://www.youtube.com/watch?v=PEM0Vs8jf1w
5vheNbQlsyU,Lady Gaga - Always Remember Us This Way (from A Star Is Born) (Official Music Video),"Listen to brand new music from Bradley Cooper & Lady Gaga from the 'A Star Is Born' Soundtrack: http://smarturl.it/ASIBSoundtrack

Get tickets to see the film:
US: http://www.astarisbornmovie.com/#/Ge",2018-11-09,662454208,3576512,75515,0.55,https://i.ytimg.com/vi/5vheNbQlsyU/hqdefault.jpg,https://www.youtube.com/watch?v=5vheNbQlsyU
av5JD1dfj_c,"Sam Smith, Normani - Dancing With A Stranger (Official Music Video)","Dancing With A Stranger (Official Music Video)

The official 'Dancing With A Stranger' music video.

Get the latest news for Sam Smith: https://bio.to/SamSmithID

Lyrics:
I don’t want to be alone toni",2019-01-29,936982484,3711192,53977,0.4,https://i.ytimg.com/vi/av5JD1dfj_c/hqdefault.jpg,https://www.youtube.com/watch?v=av5JD1dfj_c
dvgZkm1xWPE,Coldplay - Viva La Vida (Official Video),"Coldplay's tenth studio album Moon Music available to listen/ buy now! https://coldplay.lnk.to/MoonMusic 🌙

Coldplay - Viva La Vida is taken from the album Viva La Vida or Death and All His Friends re",2008-08-04,989474540,5730665,306370,0.61,https://i.ytimg.com/vi/dvgZkm1xWPE/hqdefault.jpg,https://www.youtube.com/watch?v=dvgZkm1xWPE
OiC1rgCPmUQ,Dua Lipa - Dance The Night (From Barbie The Album) [Official Music Video],"Pre-order 'Radical Optimism', the new album here: https://dualipa.lnk.to/radicaloptimism
Dua Lipa - Dance The Night (From Barbie The Album) [Official Music Video]
Download/Stream: https://barbiethealb",2023-05-25,206407319,1797599,27440,0.88,https://i.ytimg.com/vi/OiC1rgCPmUQ/hqdefault.jpg,https://www.youtube.com/watch?v=OiC1rgCPmUQ
k2C5TjS2sh4,Roxette - It Must Have Been Love (Official Music Video),"Official music video for Roxette - ""It Must Have Been Love"" from the movie 'Pretty Woman' (1990)

Follow Roxettes Official Spotify Playlist:
https://open.spotify.com/playlist/5njHvoLZkaabXUDGXyg7LY?si",2009-03-04,900573349,3637317,113458,0.42,https://i.ytimg.com/vi/k2C5TjS2sh4/hqdefault.jpg,https://www.youtube.com/watch?v=k2C5TjS2sh4
prmmCg5bKxA,"Sean Kingston, Justin Bieber - Eenie Meenie (Official Video)","""Eenie Meenie"" by Sean Kingston and Justin Beiber
Listen to Sean Kingston: https://SeanKingston.lnk.to/listenYD

Subscribe to the official Sean Kingston YouTube channel: https://SeanKingston.lnk.to/su",2010-04-29,801504135,5722055,203303,0.74,https://i.ytimg.com/vi/prmmCg5bKxA/hqdefault.jpg,https://www.youtube.com/watch?v=prmmCg5bKxA
ViP87WipSm0,La Bouche - Be My Lover (Official Video),"The official video of La Bouche to „Be My Lover“.

You can listen to all songs of La Bouche here: https://bio.to/LaBoucheDC 

Subscribe to the channel and activate notifications: https://www.youtu",2016-02-25,261789455,1708096,22917,0.66,https://i.ytimg.com/vi/ViP87WipSm0/hqdefault.jpg,https://www.youtube.com/watch?v=ViP87WipSm0
XFR7v5ix5hU,Madison Beer - Make You Mine (Official Music Video),"Madison Beer - Make You Mine (Official Music Video)

""Make You Mine"" available at: https://madisonbeer.lnk.to/makeyoumine

Follow Madison:
Instagram: https://www.instagram.com/madisonbeer
Twitter: htt",2024-04-24,96571239,1334003,25743,1.41,https://i.ytimg.com/vi/XFR7v5ix5hU/hqdefault.jpg,https://www.youtube.com/watch?v=XFR7v5ix5hU
Eo-KmOd3i7s,*NSYNC - Bye Bye Bye (Official Video),"Watch the official music video for ""Bye Bye Bye"" by *NSYNC
Listen to *NSYNC: https://NSYNC.lnk.to/listenYD

Subscribe to the official *NSYNC YouTube channel: https://NSYNC.lnk.to/subscribeYD

Watch mo",2009-10-25,550528955,3460578,142208,0.65,https://i.ytimg.com/vi/Eo-KmOd3i7s/hqdefault.jpg,https://www.youtube.com/watch?v=Eo-KmOd3i7s
YBHQbu5rbdQ,Fifth Harmony - Worth It (Official Video) ft. Kid Ink,"“Worth It” by Fifth Harmony
Listen to Fifth Harmony: https://FifthHarmony.lnk.to/listenYD
 
Watch more Fifth Harmony videos: https://FifthHarmony.lnk.to/listenYC/youtube
 
Subscribe to the official Fi",2015-03-28,2370913963,12274617,342158,0.53,https://i.ytimg.com/vi/YBHQbu5rbdQ/hqdefault.jpg,https://www.youtube.com/watch?v=YBHQbu5rbdQ
rSOzN0eihsE,"Akon - Beautiful (Official Music Video) ft. Colby O'Donis, Kardinal Offishall","REMASTERED IN HD!
Watch Akon’s official music videos remastered in HD: https://lnk.to/AkonRemasteredHDID   

Subscribe to the channel to never miss an update: https://lnk.to/AkonYTSubscribeID 

Stream",2009-06-16,544308287,2339077,74876,0.44,https://i.ytimg.com/vi/rSOzN0eihsE/hqdefault.jpg,https://www.youtube.com/watch?v=rSOzN0eihsE
3AyMjyHu1bA,Justin Bieber - Intentions (Official Video (Short Version)) ft. Quavo,"Changes: https://justinbieber.lnk.to/Changes

Watch Official Video:
https://justinbieber.lnk.to/IntentionsVideo

Join Justin Bieber in supporting Alexandria House's mission to help women and children ",2020-02-12,833238574,4470238,72154,0.55,https://i.ytimg.com/vi/3AyMjyHu1bA/hqdefault.jpg,https://www.youtube.com/watch?v=3AyMjyHu1bA
L9C9WiBBeRk,MIRA - Love Again (Lyric Video),"🎵 Stream or download ""Love Again"" here: https://ffm.to/loveagain_mira 
📱 Create a viral TikTok: https://www.tiktok.com/music/Love-Again-7385494652672460816 
🔔 Subscribe to my channel: https://bit.ly/S",2024-06-30,12065969,16930,222,0.14,https://i.ytimg.com/vi/L9C9WiBBeRk/hqdefault.jpg,https://www.youtube.com/watch?v=L9C9WiBBeRk
50VNCymT-Cs,Alec Benjamin - Let Me Down Slowly [Official Music Video],"New album '12 Notes' out now: http://alecbenjamin.lnk.to/12notes

'Narrated For You' available now: https://lnk.to/NarratedForYouID

Director: Matt Swinsky

Follow Alec Benjamin
http://alecbenjamin.co",2018-06-04,651606580,8543367,135486,1.33,https://i.ytimg.com/vi/50VNCymT-Cs/hqdefault.jpg,https://www.youtube.com/watch?v=50VNCymT-Cs
m7Bc3pLyij0,Marshmello ft. Bastille - Happier (Official Music Video),"Marshmello ft. Bastille - Happier (Official Music Video)
Stream/Download: https://marshmello.ffm.to/happier

Add ""Happier"" to your playlist: https://marshmello.ffm.to/mmhappier 
Marshmello Merch & Tou",2018-09-24,1324136337,15743979,779266,1.25,https://i.ytimg.com/vi/m7Bc3pLyij0/hqdefault.jpg,https://www.youtube.com/watch?v=m7Bc3pLyij0
Lp2qcCrdBLA,Modern Talking - Brother Louie (Official Video),"Official Music Video for ""Brother Louie"" by Modern Talking 

Listen to Modern Talking: https://ModernTalking.lnk.to/ListenID 
Subscribe to the newsletter https://moderntalking.lnk.to/FollowAN  


Watc",2009-10-25,446209978,2568058,76850,0.59,https://i.ytimg.com/vi/Lp2qcCrdBLA/hqdefault.jpg,https://www.youtube.com/watch?v=Lp2qcCrdBLA
0Gl2QnHNpkA,Backstreet Boys - As Long As You Love Me (Official HD Video),"Watch the official music video for ""As Long As You Love Me"" by Backstreet Boys - now in HD!
Listen to Backstreet Boys: https://BackstreetBoys.lnk.to/listenYD

Subscribe to the official Backstreet B",2011-05-25,654038546,2723689,80457,0.43,https://i.ytimg.com/vi/0Gl2QnHNpkA/hqdefault.jpg,https://www.youtube.com/watch?v=0Gl2QnHNpkA
QYh6mYIJG2Y,Ariana Grande - 7 rings (Official Video),"Official video by Ariana Grande performing “7 rings” – available now: https://ArianaGrande.lnk.to/tun-albumPV

Subscribe for more official content from Ariana: https://ArianaGrande.lnk.to/subscribeVD
",2019-01-18,1507603858,16456602,736599,1.14,https://i.ytimg.com/vi/QYh6mYIJG2Y/hqdefault.jpg,https://www.youtube.com/watch?v=QYh6mYIJG2Y
YPwtJ89jes4,Kylie Minogue - Can't Get You Out Of My Head (HD),"Official music video for Can't Get You Out Of My Head. Taken from the album, Fever.

Video directed by Dawn Shadforth. Music produced by Cathy Dennis, Rob Davis
 
Kylie's new album Tension II is out n",2015-01-23,23577459,230527,8194,1.01,https://i.ytimg.com/vi/YPwtJ89jes4/hqdefault.jpg,https://www.youtube.com/watch?v=YPwtJ89jes4
HBxt_v0WF6Y,Rihanna - Where Have You Been,"Get Rihanna’s eighth studio album ANTI now:
Download on TIDAL: http://smarturl.it/downloadANTI
Stream on TIDAL: http://smarturl.it/streamANTIdlx
Download on iTunes: http://smarturl.it/dlxANTI
Download",2012-04-30,750314185,3907736,157184,0.54,https://i.ytimg.com/vi/HBxt_v0WF6Y/hqdefault.jpg,https://www.youtube.com/watch?v=HBxt_v0WF6Y
EPo5wWmKEaI,"Pitbull - Give Me Everything ft. Ne-Yo, Afrojack, Nayer","Official Video for ”Give Me Everything” by Pitbull featuring Ne-Yo, Afrojack & Nayer
Listen to Pitbull: https://Pitbull.lnk.to/listenYD
Watch more videos by Pitbull: https://Pitbull.lnk.to/listenYD/yo",2011-05-06,1261177883,5347694,175209,0.44,https://i.ytimg.com/vi/EPo5wWmKEaI/hqdefault.jpg,https://www.youtube.com/watch?v=EPo5wWmKEaI
uuZE_IRwLNI,Justin Timberlake - Mirrors (Official Video),"Official Video for ”Mirrors” by Justin Timberlake
Listen to Justin Timberlake: https://JustinTimberlake.lnk.to/listenYD
Watch more videos by Justin Timberlake: https://JustinTimberlake.lnk.to/listenYD",2013-03-20,1358345938,6196191,197376,0.47,https://i.ytimg.com/vi/uuZE_IRwLNI/hqdefault.jpg,https://www.youtube.com/watch?v=uuZE_IRwLNI
EScLmWJs82I,Mr.President - Coco Jamboo (1996) [Official Video],"https://youtu.be/p1qNQxJq6Gs?si=Lnf0OeKSUdoLE_AN

MELOMAN VK: https://vk.com/melomanumg
SPOTIFY EURODANCE PLAYLIST: http://bit.ly/Forever90

Mr.President - Coco Jamboo (1996)
(Kai Matthiesen / Rainer ",2014-04-30,328036208,1589297,25546,0.49,https://i.ytimg.com/vi/EScLmWJs82I/hqdefault.jpg,https://www.youtube.com/watch?v=EScLmWJs82I
6GCNUeTFSbA,Maniac,"Provided to YouTube by Universal Music Group

Maniac · Michael Sembello

Flashdance

℗ 1983 UMG Recordings, Inc.

Released on: 1983-04-11

Producer: Phil Ramone
Synth Bass, Producer, Associated Perfor",2018-08-10,237614949,1874137,10394,0.79,https://i.ytimg.com/vi/6GCNUeTFSbA/hqdefault.jpg,https://www.youtube.com/watch?v=6GCNUeTFSbA
e-ORhEE9VVg,Taylor Swift - Blank Space,"►Exclusive Merch: https://store.taylorswift.com
 
►Follow Taylor Swift Online
Instagram: http://www.instagram.com/taylorswift
Facebook: http://www.facebook.com/taylorswift
Tumblr: http://taylorswift.t",2014-11-10,3663612671,16243681,681272,0.46,https://i.ytimg.com/vi/e-ORhEE9VVg/hqdefault.jpg,https://www.youtube.com/watch?v=e-ORhEE9VVg
QJO3ROT-A4E,One Direction - What Makes You Beautiful (Official Video),"One Direction – What Makes You Beautiful (Official Video)
Follow on Spotify - https://1D.lnk.to/Spotify
Listen on Apple Music - https://1D.lnk.to/AppleMusic
Listen on Amazon Music - https://1D.lnk.",2011-08-19,1636552778,12559475,1197328,0.84,https://i.ytimg.com/vi/QJO3ROT-A4E/hqdefault.jpg,https://www.youtube.com/watch?v=QJO3ROT-A4E
VbfpW0pbvaU,Shawn Mendes - Stitches (Official Music Video),"New album WONDER available now
Listen here: https://wonder.lnk.to/OutNow

Follow Shawn Mendes
Instagram | https://www.instagram.com/shawnmendes/
Twitter | https://twitter.com/ShawnMendes
Facebook | ht",2015-06-25,1659285209,11818273,433037,0.74,https://i.ytimg.com/vi/VbfpW0pbvaU/hqdefault.jpg,https://www.youtube.com/watch?v=VbfpW0pbvaU
1j6Pfv6xS9o,MIRA - Come With Me (Official Music Video),"🎵 Stream or download „Come With Me” here: https://lnkfi.re/miracomewithme
📱 Create a viral TikTok: https://www.tiktok.com/music/Come-With-Me-7242795833506203649
🔔 Subscribe to my channel: https://bit.",2023-06-15,8354625,25219,525,0.31,https://i.ytimg.com/vi/1j6Pfv6xS9o/hqdefault.jpg,https://www.youtube.com/watch?v=1j6Pfv6xS9o
bo_efYhYU2A,"Lady Gaga, Bradley Cooper - Shallow (from A Star Is Born) (Official Music Video)","MAYHEM OUT NOW
http://ladygaga.com 
 
Follow Lady Gaga:
Facebook: https://www.facebook.com/ladygaga  
Instagram: https://www.instagram.com/ladygaga  
TikTok: https://www.tiktok.com/@ladygaga   
Twitte",2018-09-27,1784514501,8579251,210751,0.49,https://i.ytimg.com/vi/bo_efYhYU2A/hqdefault.jpg,https://www.youtube.com/watch?v=bo_efYhYU2A
BPgEgaPk62M,Ariana Grande - One Last Time (Official Video),"One Last Time available for download on the full album “My Everything” here: http://smarturl.it/ArianaMyEvrythnDlxDA
Stream/Share “One Last Time” on Spotify: http://open.spotify.com/track/7xoUc6faLbCq",2015-02-16,381592258,3624157,154672,0.99,https://i.ytimg.com/vi/BPgEgaPk62M/hqdefault.jpg,https://www.youtube.com/watch?v=BPgEgaPk62M
ZAfAud_M_mg,Halsey - Without Me,"HALSEY ON TOUR THIS SUMMER - TICKETS AVAILABLE HERE: https://www.ticketmaster.com/halsey-tickets/artist/2028626

Follow Halsey –
Twitter: http://twitter.com/halsey 
Facebook: https://www.facebook.com/",2018-10-29,1033420598,9467890,162164,0.93,https://i.ytimg.com/vi/ZAfAud_M_mg/hqdefault.jpg,https://www.youtube.com/watch?v=ZAfAud_M_mg
iy4mXZN1Zzk,Robbie Williams - Feel,"Feel (Official Music Video)

The first single from Robbie's fifth studio album 'Escapology', which entered the UK Album Chart at No. 1 in November 2002 where it stayed for six weeks (returning for one",2011-01-07,455496719,1752261,43698,0.39,https://i.ytimg.com/vi/iy4mXZN1Zzk/hqdefault.jpg,https://www.youtube.com/watch?v=iy4mXZN1Zzk
Jtauh8GcxBY,Lewis Capaldi - Before You Go (Official Video),"listen to my music: https://bio.to/LewisCapaldi 
sign up for news: https://lewiscapaldi.os.fan/signup

Follow Lewis Capaldi for more
Instragram: https://www.instagram.com/lewiscapaldi
Facebook: https:",2020-01-24,425017102,4042990,61174,0.97,https://i.ytimg.com/vi/Jtauh8GcxBY/hqdefault.jpg,https://www.youtube.com/watch?v=Jtauh8GcxBY
5-ZiKXrnvog,Dynasty (Official Music Video) | MIIA,"Spotify: http://smarturl.it/DynastySP
iTunes: http://smarturl.it/DynastyIT

Directed by: Mark Pellington
Music Produced by: Joachim ""J Ryggs"" Rygg
Written by: Hillary Bernstein, Joachim Rygg, Mario Va",2016-02-04,140867124,1611168,43030,1.17,https://i.ytimg.com/vi/5-ZiKXrnvog/hqdefault.jpg,https://www.youtube.com/watch?v=5-ZiKXrnvog
UqyT8IEBkvY,Bruno Mars - 24K Magic (Official Music Video),"The official music video for Bruno Mars' ""24K Magic"" from the album '24K Magic'. 

🔔 Subscribe for the latest official music videos, live performances, lyric videos, official audio, and more ➤ https:/",2016-10-07,1736486253,8864917,253208,0.53,https://i.ytimg.com/vi/UqyT8IEBkvY/hqdefault.jpg,https://www.youtube.com/watch?v=UqyT8IEBkvY
0J3vgcE5i2o,Nelly Furtado - Promiscuous (Official Music Video) ft. Timbaland,"REMASTERED IN HD! 
Stream/Download ""7"", the album:  https://nellyfurtado.lnk.to/SEVENID

Shop Love Bites on Nelly's official store: https://NellyFurtado.lnk.to/LoveBitesShopID

Sign-up for Nelly’s exc",2009-06-17,696733470,3463916,88392,0.51,https://i.ytimg.com/vi/0J3vgcE5i2o/hqdefault.jpg,https://www.youtube.com/watch?v=0J3vgcE5i2o
1A0MPWseJIE,Chicago - Hard To Say I'm Sorry (Official Music Video),"You're watching the official music video for Chicago - ""Hard To Say I'm Sorry"" from the album 'Chicago 16' (1982)

Subscribe to the Rhino Channel! https://Rhino.lnk.to/YouTubeSubID

Check Out Our Favo",2021-10-23,125412888,753074,16044,0.61,https://i.ytimg.com/vi/1A0MPWseJIE/hqdefault.jpg,https://www.youtube.com/watch?v=1A0MPWseJIE
CGyEd0aKWZE,Ellie Goulding - Burn (Official Video),"The new album ‘Higher Than Heaven’ – order now: http://elliegoulding.lnk.to/HTHID

Ellie Goulding - Burn (Official Video)

Follow Ellie:
Tik Tok: https://EllieGoulding.lnk.to/TikTokID
Instagram: https",2013-07-07,1622589071,6326593,190152,0.4,https://i.ytimg.com/vi/CGyEd0aKWZE/hqdefault.jpg,https://www.youtube.com/watch?v=CGyEd0aKWZE
jH1RNk8954Q,Ava Max - Kings & Queens [Official Music Video],"Listen to my debut album ""Heaven & Hell"" now: https://AvaMax.lnk.to/HeavenandHellID
""Kings & Queens"" Available Now
Download/Stream: https://AvaMax.lnk.to/Kings-QueensID 

Subscribe for more official ",2020-03-27,442447794,4118058,95570,0.95,https://i.ytimg.com/vi/jH1RNk8954Q/hqdefault.jpg,https://www.youtube.com/watch?v=jH1RNk8954Q
fwK7ggA3-bU,Maroon 5 - One More Night (Official Music Video),"Buy Now!
iTunes: http://smarturl.it/1545s2
Amazon:  http://smarturl.it/sxgjyq

Sign up for updates: http://smarturl.it/Maroon5.News

Music video by Maroon 5 performing One More Night. (C) 2012 A&M/Oct",2012-06-26,1173428363,4901394,136170,0.43,https://i.ytimg.com/vi/fwK7ggA3-bU/hqdefault.jpg,https://www.youtube.com/watch?v=fwK7ggA3-bU
Mhj15W23IjA,James Arthur - Impossible (Official Video),"James Arthur - Impossible (Official Video)
Stream and download here: https://JamesArthur.lnk.to/Stream
Subscribe to James Arthur’s YouTube channel: https://JamesArthur.lnk.to/YouTubeSubscribe

WATCH S",2012-12-14,436095522,3565833,73576,0.83,https://i.ytimg.com/vi/Mhj15W23IjA/hqdefault.jpg,https://www.youtube.com/watch?v=Mhj15W23IjA
LOZuxwVk7TU,Britney Spears - Toxic (Official HD Video),"Official HD Video ""Toxic"" by Britney Spears
Listen to Britney Spears: https://BritneySpears.lnk.to/listenYD
Subscribe to the official Britney Spears YouTube channel: https://BritneySpears.lnk.to/subsc",2009-10-25,729346442,4734221,172614,0.67,https://i.ytimg.com/vi/LOZuxwVk7TU/hqdefault.jpg,https://www.youtube.com/watch?v=LOZuxwVk7TU
iXYroDymuMk,MIRA - Ladida | Lyric Video,"🎵 Stream or download ""Ladida"" here: https://ffm.to/ladidamira
📱 Create a viral TikTok: https://www.tiktok.com/music/Ladida-7357916842709518337
🔔 Subscribe to my channel: https://bit.ly/SubscribeMIRA

",2024-04-17,4643129,9404,100,0.2,https://i.ytimg.com/vi/iXYroDymuMk/hqdefault.jpg,https://www.youtube.com/watch?v=iXYroDymuMk
